{
  "granularity": "voxel-wise",
  "cross_validation": {
    "n_folds": 5,
    "fold_results": [
      {
        "fold": 1,
        "n_train": 32,
        "n_test": 8,
        "train": {
          "accuracy": 0.84375,
          "balanced_accuracy": 0.84375,
          "mcc": 0.7237468644557459,
          "confusion_matrix": [
            [
              11,
              5
            ],
            [
              0,
              16
            ]
          ],
          "precision": [
            1.0,
            0.7619047619047619
          ],
          "recall": [
            0.6875,
            1.0
          ],
          "f1": [
            0.8148148148148148,
            0.8648648648648649
          ],
          "support": [
            16,
            16
          ],
          "precision_macro": 0.8809523809523809,
          "recall_macro": 0.84375,
          "f1_macro": 0.8398398398398399,
          "precision_weighted": 0.8809523809523809,
          "recall_weighted": 0.84375,
          "f1_weighted": 0.8398398398398399,
          "roc_auc": 0.9609375
        },
        "test": {
          "accuracy": 0.375,
          "balanced_accuracy": 0.5,
          "mcc": 0.0,
          "confusion_matrix": [
            [
              3,
              0
            ],
            [
              5,
              0
            ]
          ],
          "precision": [
            0.375,
            0.0
          ],
          "recall": [
            1.0,
            0.0
          ],
          "f1": [
            0.5454545454545454,
            0.0
          ],
          "support": [
            3,
            5
          ],
          "precision_macro": 0.1875,
          "recall_macro": 0.5,
          "f1_macro": 0.2727272727272727,
          "precision_weighted": 0.140625,
          "recall_weighted": 0.375,
          "f1_weighted": 0.20454545454545453,
          "roc_auc": 0.4666666666666667
        }
      },
      {
        "fold": 2,
        "n_train": 32,
        "n_test": 8,
        "train": {
          "accuracy": 0.9375,
          "balanced_accuracy": 0.9333333333333333,
          "mcc": 0.8805899139163632,
          "confusion_matrix": [
            [
              13,
              2
            ],
            [
              0,
              17
            ]
          ],
          "precision": [
            1.0,
            0.8947368421052632
          ],
          "recall": [
            0.8666666666666667,
            1.0
          ],
          "f1": [
            0.9285714285714286,
            0.9444444444444444
          ],
          "support": [
            15,
            17
          ],
          "precision_macro": 0.9473684210526316,
          "recall_macro": 0.9333333333333333,
          "f1_macro": 0.9365079365079365,
          "precision_weighted": 0.944078947368421,
          "recall_weighted": 0.9375,
          "f1_weighted": 0.9370039682539681,
          "roc_auc": 0.9686274509803922
        },
        "test": {
          "accuracy": 0.25,
          "balanced_accuracy": 0.25,
          "mcc": -0.5,
          "confusion_matrix": [
            [
              1,
              3
            ],
            [
              3,
              1
            ]
          ],
          "precision": [
            0.25,
            0.25
          ],
          "recall": [
            0.25,
            0.25
          ],
          "f1": [
            0.25,
            0.25
          ],
          "support": [
            4,
            4
          ],
          "precision_macro": 0.25,
          "recall_macro": 0.25,
          "f1_macro": 0.25,
          "precision_weighted": 0.25,
          "recall_weighted": 0.25,
          "f1_weighted": 0.25,
          "roc_auc": 0.375
        }
      },
      {
        "fold": 3,
        "n_train": 32,
        "n_test": 8,
        "train": {
          "accuracy": 0.875,
          "balanced_accuracy": 0.8666666666666667,
          "mcc": 0.7704873741021288,
          "confusion_matrix": [
            [
              11,
              4
            ],
            [
              0,
              17
            ]
          ],
          "precision": [
            1.0,
            0.8095238095238095
          ],
          "recall": [
            0.7333333333333333,
            1.0
          ],
          "f1": [
            0.8461538461538461,
            0.8947368421052632
          ],
          "support": [
            15,
            17
          ],
          "precision_macro": 0.9047619047619048,
          "recall_macro": 0.8666666666666667,
          "f1_macro": 0.8704453441295547,
          "precision_weighted": 0.8988095238095238,
          "recall_weighted": 0.875,
          "f1_weighted": 0.8719635627530364,
          "roc_auc": 0.9137254901960785
        },
        "test": {
          "accuracy": 0.375,
          "balanced_accuracy": 0.375,
          "mcc": -0.3779644730092272,
          "confusion_matrix": [
            [
              0,
              4
            ],
            [
              1,
              3
            ]
          ],
          "precision": [
            0.0,
            0.42857142857142855
          ],
          "recall": [
            0.0,
            0.75
          ],
          "f1": [
            0.0,
            0.5454545454545454
          ],
          "support": [
            4,
            4
          ],
          "precision_macro": 0.21428571428571427,
          "recall_macro": 0.375,
          "f1_macro": 0.2727272727272727,
          "precision_weighted": 0.21428571428571427,
          "recall_weighted": 0.375,
          "f1_weighted": 0.2727272727272727,
          "roc_auc": 0.4375
        }
      },
      {
        "fold": 4,
        "n_train": 32,
        "n_test": 8,
        "train": {
          "accuracy": 0.53125,
          "balanced_accuracy": 0.5,
          "mcc": 0.0,
          "confusion_matrix": [
            [
              0,
              15
            ],
            [
              0,
              17
            ]
          ],
          "precision": [
            0.0,
            0.53125
          ],
          "recall": [
            0.0,
            1.0
          ],
          "f1": [
            0.0,
            0.6938775510204082
          ],
          "support": [
            15,
            17
          ],
          "precision_macro": 0.265625,
          "recall_macro": 0.5,
          "f1_macro": 0.3469387755102041,
          "precision_weighted": 0.2822265625,
          "recall_weighted": 0.53125,
          "f1_weighted": 0.36862244897959184,
          "roc_auc": 0.06666666666666665
        },
        "test": {
          "accuracy": 0.5,
          "balanced_accuracy": 0.5,
          "mcc": 0.0,
          "confusion_matrix": [
            [
              0,
              4
            ],
            [
              0,
              4
            ]
          ],
          "precision": [
            0.0,
            0.5
          ],
          "recall": [
            0.0,
            1.0
          ],
          "f1": [
            0.0,
            0.6666666666666666
          ],
          "support": [
            4,
            4
          ],
          "precision_macro": 0.25,
          "recall_macro": 0.5,
          "f1_macro": 0.3333333333333333,
          "precision_weighted": 0.25,
          "recall_weighted": 0.5,
          "f1_weighted": 0.3333333333333333,
          "roc_auc": 0.375
        }
      },
      {
        "fold": 5,
        "n_train": 32,
        "n_test": 8,
        "train": {
          "accuracy": 0.53125,
          "balanced_accuracy": 0.5,
          "mcc": 0.0,
          "confusion_matrix": [
            [
              0,
              15
            ],
            [
              0,
              17
            ]
          ],
          "precision": [
            0.0,
            0.53125
          ],
          "recall": [
            0.0,
            1.0
          ],