{
  "granularity": "voxel-wise",
  "cross_validation": {
    "n_folds": 5,
    "fold_results": [
      {
        "fold": 1,
        "n_train": 32,
        "n_test": 8,
        "train": {
          "accuracy": 0.875,
          "balanced_accuracy": 0.875,
          "mcc": 0.7745966692414834,
          "confusion_matrix": [
            [
              16,
              0
            ],
            [
              4,
              12
            ]
          ],
          "precision": [
            0.8,
            1.0
          ],
          "recall": [
            1.0,
            0.75
          ],
          "f1": [
            0.8888888888888888,
            0.8571428571428571
          ],
          "support": [
            16,
            16
          ],
          "precision_macro": 0.9,
          "recall_macro": 0.875,
          "f1_macro": 0.873015873015873,
          "precision_weighted": 0.9,
          "recall_weighted": 0.875,
          "f1_weighted": 0.873015873015873,
          "roc_auc": 0.9609375
        },
        "test": {
          "accuracy": 0.5,
          "balanced_accuracy": 0.5333333333333333,
          "mcc": 0.06666666666666667,
          "confusion_matrix": [
            [
              2,
              1
            ],
            [
              3,
              2
            ]
          ],
          "precision": [
            0.4,
            0.6666666666666666
          ],
          "recall": [
            0.6666666666666666,
            0.4
          ],
          "f1": [
            0.5,
            0.5
          ],
          "support": [
            3,
            5
          ],
          "precision_macro": 0.5333333333333333,
          "recall_macro": 0.5333333333333333,
          "f1_macro": 0.5,
          "precision_weighted": 0.5666666666666667,
          "recall_weighted": 0.5,
          "f1_weighted": 0.5,
          "roc_auc": 0.6666666666666667
        }
      },
      {
        "fold": 2,
        "n_train": 32,
        "n_test": 8,
        "train": {
          "accuracy": 0.9375,
          "balanced_accuracy": 0.9411764705882353,
          "mcc": 0.8823529411764706,
          "confusion_matrix": [
            [
              15,
              0
            ],
            [
              2,
              15
            ]
          ],
          "precision": [
            0.8823529411764706,
            1.0
          ],
          "recall": [
            1.0,
            0.8823529411764706
          ],
          "f1": [
            0.9375,
            0.9375
          ],
          "support": [
            15,
            17
          ],
          "precision_macro": 0.9411764705882353,
          "recall_macro": 0.9411764705882353,
          "f1_macro": 0.9375,
          "precision_weighted": 0.9448529411764706,
          "recall_weighted": 0.9375,
          "f1_weighted": 0.9375,
          "roc_auc": 0.9764705882352942
        },
        "test": {
          "accuracy": 0.875,
          "balanced_accuracy": 0.875,
          "mcc": 0.7745966692414834,
          "confusion_matrix": [
            [
              3,
              1
            ],
            [
              0,
              4
            ]
          ],
          "precision": [
            1.0,
            0.8
          ],
          "recall": [
            0.75,
            1.0
          ],
          "f1": [
            0.8571428571428571,
            0.8888888888888888
          ],
          "support": [
            4,
            4
          ],
          "precision_macro": 0.9,
          "recall_macro": 0.875,
          "f1_macro": 0.873015873015873,
          "precision_weighted": 0.9,
          "recall_weighted": 0.875,
          "f1_weighted": 0.873015873015873,
          "roc_auc": 0.875
        }
      },
      {
        "fold": 3,
        "n_train": 32,
        "n_test": 8,
        "train": {
          "accuracy": 0.9375,
          "balanced_accuracy": 0.9411764705882353,
          "mcc": 0.8823529411764706,
          "confusion_matrix": [
            [
              15,
              0
            ],
            [
              2,
              15
            ]
          ],
          "precision": [
            0.8823529411764706,
            1.0
          ],
          "recall": [
            1.0,
            0.8823529411764706
          ],
          "f1": [
            0.9375,
            0.9375
          ],
          "support": [
            15,
            17
          ],
          "precision_macro": 0.9411764705882353,
          "recall_macro": 0.9411764705882353,
          "f1_macro": 0.9375,
          "precision_weighted": 0.9448529411764706,
          "recall_weighted": 0.9375,
          "f1_weighted": 0.9375,
          "roc_auc": 0.9803921568627452
        },
        "test": {
          "accuracy": 0.625,
          "balanced_accuracy": 0.625,
          "mcc": 0.2581988897471611,
          "confusion_matrix": [
            [
              3,
              1
            ],
            [
              2,
              2
            ]
          ],
          "precision": [
            0.6,
            0.6666666666666666
          ],
          "recall": [
            0.75,
            0.5
          ],
          "f1": [
            0.6666666666666666,
            0.5714285714285714
          ],
          "support": [
            4,
            4
          ],
          "precision_macro": 0.6333333333333333,
          "recall_macro": 0.625,
          "f1_macro": 0.6190476190476191,
          "precision_weighted": 0.6333333333333333,
          "recall_weighted": 0.625,
          "f1_weighted": 0.6190476190476191,
          "roc_auc": 0.625
        }
      },
      {
        "fold": 4,
        "n_train": 32,
        "n_test": 8,
        "train": {
          "accuracy": 0.90625,
          "balanced_accuracy": 0.9117647058823529,
          "mcc": 0.828416869579514,
          "confusion_matrix": [
            [
              15,
              0
            ],
            [
              3,
              14
            ]
          ],
          "precision": [
            0.8333333333333334,
            1.0
          ],
          "recall": [
            1.0,
            0.8235294117647058
          ],
          "f1": [
            0.9090909090909091,
            0.9032258064516129
          ],
          "support": [
            15,
            17
          ],
          "precision_macro": 0.9166666666666667,
          "recall_macro": 0.9117647058823529,
          "f1_macro": 0.906158357771261,
          "precision_weighted": 0.921875,
          "recall_weighted": 0.90625,
          "f1_weighted": 0.905975073313783,
          "roc_auc": 0.9882352941176471
        },
        "test": {
          "accuracy": 0.625,
          "balanced_accuracy": 0.625,
          "mcc": 0.2581988897471611,
          "confusion_matrix": [
            [
              3,
              1
            ],
            [
              2,
              2
            ]
          ],
          "precision": [
            0.6,
            0.6666666666666666
          ],
          "recall": [
            0.75,
            0.5
          ],
          "f1": [
            0.6666666666666666,
            0.5714285714285714
          ],
          "support": [
            4,
            4
          ],
          "precision_macro": 0.6333333333333333,
          "recall_macro": 0.625,
          "f1_macro": 0.6190476190476191,
          "precision_weighted": 0.6333333333333333,
          "recall_weighted": 0.625,
          "f1_weighted": 0.6190476190476191,
          "roc_auc": 0.6875
        }
      },
      {
        "fold": 5,
        "n_train": 32,
        "n_test": 8,
        "train": {
          "accuracy": 0.96875,
          "balanced_accuracy": 0.9705882352941176,
          "mcc": 0.9393364366277243,
          "confusion_matrix": [
            [
              15,
              0
            ],
            [
              1,
              16
            ]
          ],