{
  "granularity": "voxel-wise",
  "cross_validation": {
    "n_folds": 5,
    "fold_results": [
      {
        "fold": 1,
        "n_train": 32,
        "n_test": 8,
        "train": {
          "accuracy": 0.6875,
          "balanced_accuracy": 0.6875,
          "mcc": 0.3872983346207417,
          "confusion_matrix": [
            [
              9,
              7
            ],
            [
              3,
              13
            ]
          ],
          "precision": [
            0.75,
            0.65
          ],
          "recall": [
            0.5625,
            0.8125
          ],
          "f1": [
            0.6428571428571429,
            0.7222222222222222
          ],
          "support": [
            16,
            16
          ],
          "precision_macro": 0.7,
          "recall_macro": 0.6875,
          "f1_macro": 0.6825396825396826,
          "precision_weighted": 0.7,
          "recall_weighted": 0.6875,
          "f1_weighted": 0.6825396825396826,
          "roc_auc": 0.68359375
        },
        "test": {
          "accuracy": 0.75,
          "balanced_accuracy": 0.8,
          "mcc": 0.6,
          "confusion_matrix": [
            [
              3,
              0
            ],
            [
              2,
              3
            ]
          ],
          "precision": [
            0.6,
            1.0
          ],
          "recall": [
            1.0,
            0.6
          ],
          "f1": [
            0.75,
            0.75
          ],
          "support": [
            3,
            5
          ],
          "precision_macro": 0.8,
          "recall_macro": 0.8,
          "f1_macro": 0.75,
          "precision_weighted": 0.85,
          "recall_weighted": 0.75,
          "f1_weighted": 0.75,
          "roc_auc": 1.0
        }
      },
      {
        "fold": 2,
        "n_train": 32,
        "n_test": 8,
        "train": {
          "accuracy": 0.625,
          "balanced_accuracy": 0.6274509803921569,
          "mcc": 0.2549019607843137,
          "confusion_matrix": [
            [
              10,
              5
            ],
            [
              7,
              10
            ]
          ],
          "precision": [
            0.5882352941176471,
            0.6666666666666666
          ],
          "recall": [
            0.6666666666666666,
            0.5882352941176471
          ],
          "f1": [
            0.625,
            0.625
          ],
          "support": [
            15,
            17
          ],
          "precision_macro": 0.6274509803921569,
          "recall_macro": 0.6274509803921569,
          "f1_macro": 0.625,
          "precision_weighted": 0.6299019607843137,
          "recall_weighted": 0.625,
          "f1_weighted": 0.625,
          "roc_auc": 0.803921568627451
        },
        "test": {
          "accuracy": 0.625,
          "balanced_accuracy": 0.625,
          "mcc": 0.2581988897471611,
          "confusion_matrix": [
            [
              2,
              2
            ],
            [
              1,
              3
            ]
          ],
          "precision": [
            0.6666666666666666,
            0.6
          ],
          "recall": [
            0.5,
            0.75
          ],
          "f1": [
            0.5714285714285714,
            0.6666666666666666
          ],
          "support": [
            4,
            4
          ],
          "precision_macro": 0.6333333333333333,
          "recall_macro": 0.625,
          "f1_macro": 0.6190476190476191,
          "precision_weighted": 0.6333333333333333,
          "recall_weighted": 0.625,
          "f1_weighted": 0.6190476190476191,
          "roc_auc": 0.625
        }
      },
      {
        "fold": 3,
        "n_train": 32,
        "n_test": 8,
        "train": {
          "accuracy": 0.71875,
          "balanced_accuracy": 0.7156862745098038,
          "mcc": 0.43393264597022163,
          "confusion_matrix": [
            [
              10,
              5
            ],
            [
              4,
              13
            ]
          ],
          "precision": [
            0.7142857142857143,
            0.7222222222222222
          ],
          "recall": [
            0.6666666666666666,
            0.7647058823529411
          ],
          "f1": [
            0.6896551724137931,
            0.7428571428571429
          ],
          "support": [
            15,
            17
          ],
          "precision_macro": 0.7182539682539683,
          "recall_macro": 0.7156862745098038,
          "f1_macro": 0.716256157635468,
          "precision_weighted": 0.7185019841269842,
          "recall_weighted": 0.71875,
          "f1_weighted": 0.7179187192118227,
          "roc_auc": 0.7568627450980392
        },
        "test": {
          "accuracy": 0.5,
          "balanced_accuracy": 0.5,
          "mcc": 0.0,
          "confusion_matrix": [
            [
              1,
              3
            ],
            [
              1,
              3
            ]
          ],
          "precision": [
            0.5,
            0.5
          ],
          "recall": [
            0.25,
            0.75
          ],
          "f1": [
            0.3333333333333333,
            0.6
          ],
          "support": [
            4,
            4
          ],
          "precision_macro": 0.5,
          "recall_macro": 0.5,
          "f1_macro": 0.4666666666666667,
          "precision_weighted": 0.5,
          "recall_weighted": 0.5,
          "f1_weighted": 0.4666666666666667,
          "roc_auc": 0.5
        }
      },
      {
        "fold": 4,
        "n_train": 32,
        "n_test": 8,
        "train": {
          "accuracy": 0.75,
          "balanced_accuracy": 0.7372549019607844,
          "mcc": 0.5266597241998389,
          "confusion_matrix": [
            [
              8,
              7
            ],
            [
              1,
              16
            ]
          ],
          "precision": [
            0.8888888888888888,
            0.6956521739130435
          ],
          "recall": [
            0.5333333333333333,
            0.9411764705882353
          ],
          "f1": [
            0.6666666666666666,
            0.8
          ],
          "support": [
            15,
            17
          ],
          "precision_macro": 0.7922705314009661,
          "recall_macro": 0.7372549019607844,
          "f1_macro": 0.7333333333333334,
          "precision_weighted": 0.786231884057971,
          "recall_weighted": 0.75,
          "f1_weighted": 0.7375,
          "roc_auc": 0.7215686274509804
        },
        "test": {
          "accuracy": 0.75,
          "balanced_accuracy": 0.75,
          "mcc": 0.5773502691896258,
          "confusion_matrix": [
            [
              2,
              2
            ],
            [
              0,
              4
            ]
          ],
          "precision": [
            1.0,
            0.6666666666666666
          ],
          "recall": [
            0.5,
            1.0
          ],
          "f1": [
            0.6666666666666666,
            0.8
          ],
          "support": [
            4,
            4
          ],
          "precision_macro": 0.8333333333333333,
          "recall_macro": 0.75,
          "f1_macro": 0.7333333333333334,
          "precision_weighted": 0.8333333333333333,
          "recall_weighted": 0.75,
          "f1_weighted": 0.7333333333333334,
          "roc_auc": 0.6875
        }
      },
      {
        "fold": 5,
        "n_train": 32,
        "n_test": 8,
        "train": {
          "accuracy": 0.6875,
          "balanced_accuracy": 0.6901960784313725,
          "mcc": 0.3803921568627451,
          "confusion_matrix": [
            [
              11,
              4
            ],
            [
              6,
              11
            ]
          ],