{
  "granularity": "voxel-wise",
  "cross_validation": {
    "n_folds": 5,
    "fold_results": [
      {
        "fold": 1,
        "n_train": 32,
        "n_test": 8,
        "train": {
          "accuracy": 0.90625,
          "balanced_accuracy": 0.90625,
          "mcc": 0.8140915784106943,
          "confusion_matrix": [
            [
              14,
              2
            ],
            [
              1,
              15
            ]
          ],
          "precision": [
            0.9333333333333333,
            0.8823529411764706
          ],
          "recall": [
            0.875,
            0.9375
          ],
          "f1": [
            0.9032258064516129,
            0.9090909090909091
          ],
          "support": [
            16,
            16
          ],
          "precision_macro": 0.907843137254902,
          "recall_macro": 0.90625,
          "f1_macro": 0.906158357771261,
          "precision_weighted": 0.907843137254902,
          "recall_weighted": 0.90625,
          "f1_weighted": 0.906158357771261,
          "roc_auc": 0.98046875
        },
        "test": {
          "accuracy": 0.625,
          "balanced_accuracy": 0.5666666666666667,
          "mcc": 0.14907119849998599,
          "confusion_matrix": [
            [
              1,
              2
            ],
            [
              1,
              4
            ]
          ],
          "precision": [
            0.5,
            0.6666666666666666
          ],
          "recall": [
            0.3333333333333333,
            0.8
          ],
          "f1": [
            0.4,
            0.7272727272727273
          ],
          "support": [
            3,
            5
          ],
          "precision_macro": 0.5833333333333333,
          "recall_macro": 0.5666666666666667,
          "f1_macro": 0.5636363636363637,
          "precision_weighted": 0.6041666666666666,
          "recall_weighted": 0.625,
          "f1_weighted": 0.6045454545454546,
          "roc_auc": 0.6000000000000001
        }
      },
      {
        "fold": 2,
        "n_train": 32,
        "n_test": 8,
        "train": {
          "accuracy": 0.96875,
          "balanced_accuracy": 0.9666666666666667,
          "mcc": 0.938872452190116,
          "confusion_matrix": [
            [
              14,
              1
            ],
            [
              0,
              17
            ]
          ],
          "precision": [
            1.0,
            0.9444444444444444
          ],
          "recall": [
            0.9333333333333333,
            1.0
          ],
          "f1": [
            0.9655172413793104,
            0.9714285714285714
          ],
          "support": [
            15,
            17
          ],
          "precision_macro": 0.9722222222222222,
          "recall_macro": 0.9666666666666667,
          "f1_macro": 0.9684729064039409,
          "precision_weighted": 0.970486111111111,
          "recall_weighted": 0.96875,
          "f1_weighted": 0.9686576354679803,
          "roc_auc": 0.996078431372549
        },
        "test": {
          "accuracy": 0.75,
          "balanced_accuracy": 0.75,
          "mcc": 0.5,
          "confusion_matrix": [
            [
              3,
              1
            ],
            [
              1,
              3
            ]
          ],
          "precision": [
            0.75,
            0.75
          ],
          "recall": [
            0.75,
            0.75
          ],
          "f1": [
            0.75,
            0.75
          ],
          "support": [
            4,
            4
          ],
          "precision_macro": 0.75,
          "recall_macro": 0.75,
          "f1_macro": 0.75,
          "precision_weighted": 0.75,
          "recall_weighted": 0.75,
          "f1_weighted": 0.75,
          "roc_auc": 0.8125
        }
      },
      {
        "fold": 3,
        "n_train": 32,
        "n_test": 8,
        "train": {
          "accuracy": 0.9375,
          "balanced_accuracy": 0.9333333333333333,
          "mcc": 0.8805899139163632,
          "confusion_matrix": [
            [
              13,
              2
            ],
            [
              0,
              17
            ]
          ],
          "precision": [
            1.0,
            0.8947368421052632
          ],
          "recall": [
            0.8666666666666667,
            1.0
          ],
          "f1": [
            0.9285714285714286,
            0.9444444444444444
          ],
          "support": [
            15,
            17
          ],
          "precision_macro": 0.9473684210526316,
          "recall_macro": 0.9333333333333333,
          "f1_macro": 0.9365079365079365,
          "precision_weighted": 0.944078947368421,
          "recall_weighted": 0.9375,
          "f1_weighted": 0.9370039682539681,
          "roc_auc": 0.9725490196078431
        },
        "test": {
          "accuracy": 0.875,
          "balanced_accuracy": 0.875,
          "mcc": 0.7745966692414834,
          "confusion_matrix": [
            [
              4,
              0
            ],
            [
              1,
              3
            ]
          ],
          "precision": [
            0.8,
            1.0
          ],
          "recall": [
            1.0,
            0.75
          ],
          "f1": [
            0.8888888888888888,
            0.8571428571428571
          ],
          "support": [
            4,
            4
          ],
          "precision_macro": 0.9,
          "recall_macro": 0.875,
          "f1_macro": 0.873015873015873,
          "precision_weighted": 0.9,
          "recall_weighted": 0.875,
          "f1_weighted": 0.873015873015873,
          "roc_auc": 0.9375
        }
      },
      {
        "fold": 4,
        "n_train": 32,
        "n_test": 8,
        "train": {
          "accuracy": 0.53125,
          "balanced_accuracy": 0.5,
          "mcc": 0.0,
          "confusion_matrix": [
            [
              0,
              15
            ],
            [
              0,
              17
            ]
          ],
          "precision": [
            0.0,
            0.53125
          ],
          "recall": [
            0.0,
            1.0
          ],
          "f1": [
            0.0,
            0.6938775510204082
          ],
          "support": [
            15,
            17
          ],
          "precision_macro": 0.265625,
          "recall_macro": 0.5,
          "f1_macro": 0.3469387755102041,
          "precision_weighted": 0.2822265625,
          "recall_weighted": 0.53125,
          "f1_weighted": 0.36862244897959184,
          "roc_auc": 0.011764705882352938
        },
        "test": {
          "accuracy": 0.5,
          "balanced_accuracy": 0.5,
          "mcc": 0.0,
          "confusion_matrix": [
            [
              0,
              4
            ],
            [
              0,
              4
            ]
          ],
          "precision": [
            0.0,
            0.5
          ],
          "recall": [
            0.0,
            1.0
          ],
          "f1": [
            0.0,
            0.6666666666666666
          ],
          "support": [
            4,
            4
          ],
          "precision_macro": 0.25,
          "recall_macro": 0.5,
          "f1_macro": 0.3333333333333333,
          "precision_weighted": 0.25,
          "recall_weighted": 0.5,
          "f1_weighted": 0.3333333333333333,
          "roc_auc": 0.1875
        }
      },
      {
        "fold": 5,
        "n_train": 32,
        "n_test": 8,
        "train": {
          "accuracy": 0.53125,
          "balanced_accuracy": 0.5,
          "mcc": 0.0,
          "confusion_matrix": [
            [
              0,
              15
            ],
            [
              0,
              17
            ]
          ],
          "precision": [
            0.0,
            0.53125
          ],