{
  "granularity": "voxel-wise",
  "cross_validation": {
    "n_folds": 5,
    "fold_results": [
      {
        "fold": 1,
        "n_train": 32,
        "n_test": 8,
        "train": {
          "accuracy": 0.78125,
          "balanced_accuracy": 0.78125,
          "mcc": 0.592156525463792,
          "confusion_matrix": [
            [
              15,
              1
            ],
            [
              6,
              10
            ]
          ],
          "precision": [
            0.7142857142857143,
            0.9090909090909091
          ],
          "recall": [
            0.9375,
            0.625
          ],
          "f1": [
            0.8108108108108109,
            0.7407407407407407
          ],
          "support": [
            16,
            16
          ],
          "precision_macro": 0.8116883116883117,
          "recall_macro": 0.78125,
          "f1_macro": 0.7757757757757757,
          "precision_weighted": 0.8116883116883117,
          "recall_weighted": 0.78125,
          "f1_weighted": 0.7757757757757757,
          "roc_auc": 0.86328125
        },
        "test": {
          "accuracy": 0.5,
          "balanced_accuracy": 0.5333333333333333,
          "mcc": 0.06666666666666667,
          "confusion_matrix": [
            [
              2,
              1
            ],
            [
              3,
              2
            ]
          ],
          "precision": [
            0.4,
            0.6666666666666666
          ],
          "recall": [
            0.6666666666666666,
            0.4
          ],
          "f1": [
            0.5,
            0.5
          ],
          "support": [
            3,
            5
          ],
          "precision_macro": 0.5333333333333333,
          "recall_macro": 0.5333333333333333,
          "f1_macro": 0.5,
          "precision_weighted": 0.5666666666666667,
          "recall_weighted": 0.5,
          "f1_weighted": 0.5,
          "roc_auc": 0.7333333333333334
        }
      },
      {
        "fold": 2,
        "n_train": 32,
        "n_test": 8,
        "train": {
          "accuracy": 0.78125,
          "balanced_accuracy": 0.7784313725490195,
          "mcc": 0.5601675975251952,
          "confusion_matrix": [
            [
              11,
              4
            ],
            [
              3,
              14
            ]
          ],
          "precision": [
            0.7857142857142857,
            0.7777777777777778
          ],
          "recall": [
            0.7333333333333333,
            0.8235294117647058
          ],
          "f1": [
            0.7586206896551724,
            0.8
          ],
          "support": [
            15,
            17
          ],
          "precision_macro": 0.7817460317460317,
          "recall_macro": 0.7784313725490195,
          "f1_macro": 0.7793103448275862,
          "precision_weighted": 0.7814980158730158,
          "recall_weighted": 0.78125,
          "f1_weighted": 0.7806034482758621,
          "roc_auc": 0.8901960784313726
        },
        "test": {
          "accuracy": 0.875,
          "balanced_accuracy": 0.875,
          "mcc": 0.7745966692414834,
          "confusion_matrix": [
            [
              3,
              1
            ],
            [
              0,
              4
            ]
          ],
          "precision": [
            1.0,
            0.8
          ],
          "recall": [
            0.75,
            1.0
          ],
          "f1": [
            0.8571428571428571,
            0.8888888888888888
          ],
          "support": [
            4,
            4
          ],
          "precision_macro": 0.9,
          "recall_macro": 0.875,
          "f1_macro": 0.873015873015873,
          "precision_weighted": 0.9,
          "recall_weighted": 0.875,
          "f1_weighted": 0.873015873015873,
          "roc_auc": 0.75
        }
      },
      {
        "fold": 3,
        "n_train": 32,
        "n_test": 8,
        "train": {
          "accuracy": 0.8125,
          "balanced_accuracy": 0.807843137254902,
          "mcc": 0.6255774501577784,
          "confusion_matrix": [
            [
              11,
              4
            ],
            [
              2,
              15
            ]
          ],
          "precision": [
            0.8461538461538461,
            0.7894736842105263
          ],
          "recall": [
            0.7333333333333333,
            0.8823529411764706
          ],
          "f1": [
            0.7857142857142857,
            0.8333333333333334
          ],
          "support": [
            15,
            17
          ],
          "precision_macro": 0.8178137651821862,
          "recall_macro": 0.807843137254902,
          "f1_macro": 0.8095238095238095,
          "precision_weighted": 0.8160425101214575,
          "recall_weighted": 0.8125,
          "f1_weighted": 0.8110119047619048,
          "roc_auc": 0.9176470588235294
        },
        "test": {
          "accuracy": 0.5,
          "balanced_accuracy": 0.5,
          "mcc": 0.0,
          "confusion_matrix": [
            [
              2,
              2
            ],
            [
              2,
              2
            ]
          ],
          "precision": [
            0.5,
            0.5
          ],
          "recall": [
            0.5,
            0.5
          ],
          "f1": [
            0.5,
            0.5
          ],
          "support": [
            4,
            4
          ],
          "precision_macro": 0.5,
          "recall_macro": 0.5,
          "f1_macro": 0.5,
          "precision_weighted": 0.5,
          "recall_weighted": 0.5,
          "f1_weighted": 0.5,
          "roc_auc": 0.625
        }
      },
      {
        "fold": 4,
        "n_train": 32,
        "n_test": 8,
        "train": {
          "accuracy": 0.8125,
          "balanced_accuracy": 0.807843137254902,
          "mcc": 0.6255774501577784,
          "confusion_matrix": [
            [
              11,
              4
            ],
            [
              2,
              15
            ]
          ],
          "precision": [
            0.8461538461538461,
            0.7894736842105263
          ],
          "recall": [
            0.7333333333333333,
            0.8823529411764706
          ],
          "f1": [
            0.7857142857142857,
            0.8333333333333334
          ],
          "support": [
            15,
            17
          ],
          "precision_macro": 0.8178137651821862,
          "recall_macro": 0.807843137254902,
          "f1_macro": 0.8095238095238095,
          "precision_weighted": 0.8160425101214575,
          "recall_weighted": 0.8125,
          "f1_weighted": 0.8110119047619048,
          "roc_auc": 0.9058823529411765
        },
        "test": {
          "accuracy": 0.625,
          "balanced_accuracy": 0.625,
          "mcc": 0.2581988897471611,
          "confusion_matrix": [
            [
              2,
              2
            ],
            [
              1,
              3
            ]
          ],
          "precision": [
            0.6666666666666666,
            0.6
          ],
          "recall": [
            0.5,
            0.75
          ],
          "f1": [
            0.5714285714285714,
            0.6666666666666666
          ],
          "support": [
            4,
            4
          ],
          "precision_macro": 0.6333333333333333,
          "recall_macro": 0.625,
          "f1_macro": 0.6190476190476191,
          "precision_weighted": 0.6333333333333333,
          "recall_weighted": 0.625,
          "f1_weighted": 0.6190476190476191,
          "roc_auc": 0.8125
        }
      },
      {
        "fold": 5,
        "n_train": 32,
        "n_test": 8,
        "train": {
          "accuracy": 0.8125,
          "balanced_accuracy": 0.807843137254902,
          "mcc": 0.6255774501577784,