{
  "granularity": "voxel-wise",
  "cross_validation": {
    "n_folds": 5,
    "fold_results": [
      {
        "fold": 1,
        "n_train": 32,
        "n_test": 8,
        "train": {
          "accuracy": 0.5625,
          "balanced_accuracy": 0.5625,
          "mcc": 0.12909944487358055,
          "confusion_matrix": [
            [
              7,
              9
            ],
            [
              5,
              11
            ]
          ],
          "precision": [
            0.5833333333333334,
            0.55
          ],
          "recall": [
            0.4375,
            0.6875
          ],
          "f1": [
            0.5,
            0.6111111111111112
          ],
          "support": [
            16,
            16
          ],
          "precision_macro": 0.5666666666666667,
          "recall_macro": 0.5625,
          "f1_macro": 0.5555555555555556,
          "precision_weighted": 0.5666666666666667,
          "recall_weighted": 0.5625,
          "f1_weighted": 0.5555555555555556,
          "roc_auc": 0.6953125
        },
        "test": {
          "accuracy": 0.75,
          "balanced_accuracy": 0.6666666666666666,
          "mcc": 0.4879500364742666,
          "confusion_matrix": [
            [
              1,
              2
            ],
            [
              0,
              5
            ]
          ],
          "precision": [
            1.0,
            0.7142857142857143
          ],
          "recall": [
            0.3333333333333333,
            1.0
          ],
          "f1": [
            0.5,
            0.8333333333333334
          ],
          "support": [
            3,
            5
          ],
          "precision_macro": 0.8571428571428572,
          "recall_macro": 0.6666666666666666,
          "f1_macro": 0.6666666666666667,
          "precision_weighted": 0.8214285714285714,
          "recall_weighted": 0.75,
          "f1_weighted": 0.7083333333333334,
          "roc_auc": 0.6000000000000001
        }
      },
      {
        "fold": 2,
        "n_train": 32,
        "n_test": 8,
        "train": {
          "accuracy": 0.65625,
          "balanced_accuracy": 0.6372549019607843,
          "mcc": 0.3509664885977756,
          "confusion_matrix": [
            [
              5,
              10
            ],
            [
              1,
              16
            ]
          ],
          "precision": [
            0.8333333333333334,
            0.6153846153846154
          ],
          "recall": [
            0.3333333333333333,
            0.9411764705882353
          ],
          "f1": [
            0.47619047619047616,
            0.7441860465116279
          ],
          "support": [
            15,
            17
          ],
          "precision_macro": 0.7243589743589745,
          "recall_macro": 0.6372549019607843,
          "f1_macro": 0.6101882613510521,
          "precision_weighted": 0.7175480769230769,
          "recall_weighted": 0.65625,
          "f1_weighted": 0.618563122923588,
          "roc_auc": 0.7647058823529411
        },
        "test": {
          "accuracy": 0.625,
          "balanced_accuracy": 0.625,
          "mcc": 0.3779644730092272,
          "confusion_matrix": [
            [
              1,
              3
            ],
            [
              0,
              4
            ]
          ],
          "precision": [
            1.0,
            0.5714285714285714
          ],
          "recall": [
            0.25,
            1.0
          ],
          "f1": [
            0.4,
            0.7272727272727273
          ],
          "support": [
            4,
            4
          ],
          "precision_macro": 0.7857142857142857,
          "recall_macro": 0.625,
          "f1_macro": 0.5636363636363637,
          "precision_weighted": 0.7857142857142857,
          "recall_weighted": 0.625,
          "f1_weighted": 0.5636363636363637,
          "roc_auc": 0.5625
        }
      },
      {
        "fold": 3,
        "n_train": 32,
        "n_test": 8,
        "train": {
          "accuracy": 0.65625,
          "balanced_accuracy": 0.6372549019607843,
          "mcc": 0.3509664885977756,
          "confusion_matrix": [
            [
              5,
              10
            ],
            [
              1,
              16
            ]
          ],
          "precision": [
            0.8333333333333334,
            0.6153846153846154
          ],
          "recall": [
            0.3333333333333333,
            0.9411764705882353
          ],
          "f1": [
            0.47619047619047616,
            0.7441860465116279
          ],
          "support": [
            15,
            17
          ],
          "precision_macro": 0.7243589743589745,
          "recall_macro": 0.6372549019607843,
          "f1_macro": 0.6101882613510521,
          "precision_weighted": 0.7175480769230769,
          "recall_weighted": 0.65625,
          "f1_weighted": 0.618563122923588,
          "roc_auc": 0.7372549019607844
        },
        "test": {
          "accuracy": 0.5,
          "balanced_accuracy": 0.5,
          "mcc": 0.0,
          "confusion_matrix": [
            [
              0,
              4
            ],
            [
              0,
              4
            ]
          ],
          "precision": [
            0.0,
            0.5
          ],
          "recall": [
            0.0,
            1.0
          ],
          "f1": [
            0.0,
            0.6666666666666666
          ],
          "support": [
            4,
            4
          ],
          "precision_macro": 0.25,
          "recall_macro": 0.5,
          "f1_macro": 0.3333333333333333,
          "precision_weighted": 0.25,
          "recall_weighted": 0.5,
          "f1_weighted": 0.3333333333333333,
          "roc_auc": 0.625
        }
      },
      {
        "fold": 4,
        "n_train": 32,
        "n_test": 8,
        "train": {
          "accuracy": 0.53125,
          "balanced_accuracy": 0.5,
          "mcc": 0.0,
          "confusion_matrix": [
            [
              0,
              15
            ],
            [
              0,
              17
            ]
          ],
          "precision": [
            0.0,
            0.53125
          ],
          "recall": [
            0.0,
            1.0
          ],
          "f1": [
            0.0,
            0.6938775510204082
          ],
          "support": [
            15,
            17
          ],
          "precision_macro": 0.265625,
          "recall_macro": 0.5,
          "f1_macro": 0.3469387755102041,
          "precision_weighted": 0.2822265625,
          "recall_weighted": 0.53125,
          "f1_weighted": 0.36862244897959184,
          "roc_auc": 0.17647058823529413
        },
        "test": {
          "accuracy": 0.5,
          "balanced_accuracy": 0.5,
          "mcc": 0.0,
          "confusion_matrix": [
            [
              0,
              4
            ],
            [
              0,
              4
            ]
          ],
          "precision": [
            0.0,
            0.5
          ],
          "recall": [
            0.0,
            1.0
          ],
          "f1": [
            0.0,
            0.6666666666666666
          ],
          "support": [
            4,
            4
          ],
          "precision_macro": 0.25,
          "recall_macro": 0.5,
          "f1_macro": 0.3333333333333333,
          "precision_weighted": 0.25,
          "recall_weighted": 0.5,
          "f1_weighted": 0.3333333333333333,
          "roc_auc": 0.0625
        }
      },
      {
        "fold": 5,
        "n_train": 32,
        "n_test": 8,
        "train": {
          "accuracy": 0.53125,
          "balanced_accuracy": 0.5,
          "mcc": 0.0,
          "confusion_matrix": [
            [
              0,
              15
            ],
            [
              0,
              17
            ]
          ],