{
  "granularity": "voxel-wise",
  "cross_validation": {
    "n_folds": 5,
    "fold_results": [
      {
        "fold": 1,
        "n_train": 32,
        "n_test": 8,
        "train": {
          "accuracy": 0.96875,
          "balanced_accuracy": 0.96875,
          "mcc": 0.9393364366277243,
          "confusion_matrix": [
            [
              15,
              1
            ],
            [
              0,
              16
            ]
          ],
          "precision": [
            1.0,
            0.9411764705882353
          ],
          "recall": [
            0.9375,
            1.0
          ],
          "f1": [
            0.967741935483871,
            0.9696969696969697
          ],
          "support": [
            16,
            16
          ],
          "precision_macro": 0.9705882352941176,
          "recall_macro": 0.96875,
          "f1_macro": 0.9687194525904204,
          "precision_weighted": 0.9705882352941176,
          "recall_weighted": 0.96875,
          "f1_weighted": 0.9687194525904204,
          "roc_auc": 1.0
        },
        "test": {
          "accuracy": 0.25,
          "balanced_accuracy": 0.3333333333333333,
          "mcc": -0.4879500364742666,
          "confusion_matrix": [
            [
              2,
              1
            ],
            [
              5,
              0
            ]
          ],
          "precision": [
            0.2857142857142857,
            0.0
          ],
          "recall": [
            0.6666666666666666,
            0.0
          ],
          "f1": [
            0.4,
            0.0
          ],
          "support": [
            3,
            5
          ],
          "precision_macro": 0.14285714285714285,
          "recall_macro": 0.3333333333333333,
          "f1_macro": 0.2,
          "precision_weighted": 0.10714285714285714,
          "recall_weighted": 0.25,
          "f1_weighted": 0.15000000000000002,
          "roc_auc": 0.6000000000000001
        }
      },
      {
        "fold": 2,
        "n_train": 32,
        "n_test": 8,
        "train": {
          "accuracy": 1.0,
          "balanced_accuracy": 1.0,
          "mcc": 1.0,
          "confusion_matrix": [
            [
              15,
              0
            ],
            [
              0,
              17
            ]
          ],
          "precision": [
            1.0,
            1.0
          ],
          "recall": [
            1.0,
            1.0
          ],
          "f1": [
            1.0,
            1.0
          ],
          "support": [
            15,
            17
          ],
          "precision_macro": 1.0,
          "recall_macro": 1.0,
          "f1_macro": 1.0,
          "precision_weighted": 1.0,
          "recall_weighted": 1.0,
          "f1_weighted": 1.0,
          "roc_auc": 1.0
        },
        "test": {
          "accuracy": 0.625,
          "balanced_accuracy": 0.625,
          "mcc": 0.2581988897471611,
          "confusion_matrix": [
            [
              3,
              1
            ],
            [
              2,
              2
            ]
          ],
          "precision": [
            0.6,
            0.6666666666666666
          ],
          "recall": [
            0.75,
            0.5
          ],
          "f1": [
            0.6666666666666666,
            0.5714285714285714
          ],
          "support": [
            4,
            4
          ],
          "precision_macro": 0.6333333333333333,
          "recall_macro": 0.625,
          "f1_macro": 0.6190476190476191,
          "precision_weighted": 0.6333333333333333,
          "recall_weighted": 0.625,
          "f1_weighted": 0.6190476190476191,
          "roc_auc": 0.75
        }
      },
      {
        "fold": 3,
        "n_train": 32,
        "n_test": 8,
        "train": {
          "accuracy": 0.96875,
          "balanced_accuracy": 0.9666666666666667,
          "mcc": 0.938872452190116,
          "confusion_matrix": [
            [
              14,
              1
            ],
            [
              0,
              17
            ]
          ],
          "precision": [
            1.0,
            0.9444444444444444
          ],
          "recall": [
            0.9333333333333333,
            1.0
          ],
          "f1": [
            0.9655172413793104,
            0.9714285714285714
          ],
          "support": [
            15,
            17
          ],
          "precision_macro": 0.9722222222222222,
          "recall_macro": 0.9666666666666667,
          "f1_macro": 0.9684729064039409,
          "precision_weighted": 0.970486111111111,
          "recall_weighted": 0.96875,
          "f1_weighted": 0.9686576354679803,
          "roc_auc": 1.0
        },
        "test": {
          "accuracy": 0.5,
          "balanced_accuracy": 0.5,
          "mcc": 0.0,
          "confusion_matrix": [
            [
              4,
              0
            ],
            [
              4,
              0
            ]
          ],
          "precision": [
            0.5,
            0.0
          ],
          "recall": [
            1.0,
            0.0
          ],
          "f1": [
            0.6666666666666666,
            0.0
          ],
          "support": [
            4,
            4
          ],
          "precision_macro": 0.25,
          "recall_macro": 0.5,
          "f1_macro": 0.3333333333333333,
          "precision_weighted": 0.25,
          "recall_weighted": 0.5,
          "f1_weighted": 0.3333333333333333,
          "roc_auc": 1.0
        }
      },
      {
        "fold": 4,
        "n_train": 32,
        "n_test": 8,
        "train": {
          "accuracy": 0.96875,
          "balanced_accuracy": 0.9666666666666667,
          "mcc": 0.938872452190116,
          "confusion_matrix": [
            [
              14,
              1
            ],
            [
              0,
              17
            ]
          ],
          "precision": [
            1.0,
            0.9444444444444444
          ],
          "recall": [
            0.9333333333333333,
            1.0
          ],
          "f1": [
            0.9655172413793104,
            0.9714285714285714
          ],
          "support": [
            15,
            17
          ],
          "precision_macro": 0.9722222222222222,
          "recall_macro": 0.9666666666666667,
          "f1_macro": 0.9684729064039409,
          "precision_weighted": 0.970486111111111,
          "recall_weighted": 0.96875,
          "f1_weighted": 0.9686576354679803,
          "roc_auc": 1.0
        },
        "test": {
          "accuracy": 0.625,
          "balanced_accuracy": 0.625,
          "mcc": 0.3779644730092272,
          "confusion_matrix": [
            [
              4,
              0
            ],
            [
              3,
              1
            ]
          ],
          "precision": [
            0.5714285714285714,
            1.0
          ],
          "recall": [
            1.0,
            0.25
          ],
          "f1": [
            0.7272727272727273,
            0.4
          ],
          "support": [
            4,
            4
          ],
          "precision_macro": 0.7857142857142857,
          "recall_macro": 0.625,
          "f1_macro": 0.5636363636363637,
          "precision_weighted": 0.7857142857142857,
          "recall_weighted": 0.625,
          "f1_weighted": 0.5636363636363637,
          "roc_auc": 0.6875
        }
      },
      {
        "fold": 5,
        "n_train": 32,
        "n_test": 8,
        "train": {
          "accuracy": 0.96875,
          "balanced_accuracy": 0.9666666666666667,
          "mcc": 0.938872452190116,
          "confusion_matrix": [
            [
              14,
              1
            ],
            [
              0,
              17
            ]
          ],
          "precision": [
            1.0,
            0.9444444444444444
          ],