{
  "granularity": "voxel-wise",
  "cross_validation": {
    "n_folds": 5,
    "fold_results": [
      {
        "fold": 1,
        "n_train": 32,
        "n_test": 8,
        "train": {
          "accuracy": 0.59375,
          "balanced_accuracy": 0.59375,
          "mcc": 0.3216337604513384,
          "confusion_matrix": [
            [
              3,
              13
            ],
            [
              0,
              16
            ]
          ],
          "precision": [
            1.0,
            0.5517241379310345
          ],
          "recall": [
            0.1875,
            1.0
          ],
          "f1": [
            0.3157894736842105,
            0.7111111111111111
          ],
          "support": [
            16,
            16
          ],
          "precision_macro": 0.7758620689655172,
          "recall_macro": 0.59375,
          "f1_macro": 0.5134502923976608,
          "precision_weighted": 0.7758620689655172,
          "recall_weighted": 0.59375,
          "f1_weighted": 0.5134502923976608,
          "roc_auc": 0.6796875
        },
        "test": {
          "accuracy": 0.625,
          "balanced_accuracy": 0.5,
          "mcc": 0.0,
          "confusion_matrix": [
            [
              0,
              3
            ],
            [
              0,
              5
            ]
          ],
          "precision": [
            0.0,
            0.625
          ],
          "recall": [
            0.0,
            1.0
          ],
          "f1": [
            0.0,
            0.7692307692307693
          ],
          "support": [
            3,
            5
          ],
          "precision_macro": 0.3125,
          "recall_macro": 0.5,
          "f1_macro": 0.38461538461538464,
          "precision_weighted": 0.390625,
          "recall_weighted": 0.625,
          "f1_weighted": 0.4807692307692308,
          "roc_auc": 0.8666666666666667
        }
      },
      {
        "fold": 2,
        "n_train": 32,
        "n_test": 8,
        "train": {
          "accuracy": 0.5625,
          "balanced_accuracy": 0.5333333333333333,
          "mcc": 0.19120444499264716,
          "confusion_matrix": [
            [
              1,
              14
            ],
            [
              0,
              17
            ]
          ],
          "precision": [
            1.0,
            0.5483870967741935
          ],
          "recall": [
            0.06666666666666667,
            1.0
          ],
          "f1": [
            0.125,
            0.7083333333333334
          ],
          "support": [
            15,
            17
          ],
          "precision_macro": 0.7741935483870968,
          "recall_macro": 0.5333333333333333,
          "f1_macro": 0.4166666666666667,
          "precision_weighted": 0.7600806451612903,
          "recall_weighted": 0.5625,
          "f1_weighted": 0.43489583333333337,
          "roc_auc": 0.8588235294117647
        },
        "test": {
          "accuracy": 0.625,
          "balanced_accuracy": 0.625,
          "mcc": 0.3779644730092272,
          "confusion_matrix": [
            [
              1,
              3
            ],
            [
              0,
              4
            ]
          ],
          "precision": [
            1.0,
            0.5714285714285714
          ],
          "recall": [
            0.25,
            1.0
          ],
          "f1": [
            0.4,
            0.7272727272727273
          ],
          "support": [
            4,
            4
          ],
          "precision_macro": 0.7857142857142857,
          "recall_macro": 0.625,
          "f1_macro": 0.5636363636363637,
          "precision_weighted": 0.7857142857142857,
          "recall_weighted": 0.625,
          "f1_weighted": 0.5636363636363637,
          "roc_auc": 0.6875
        }
      },
      {
        "fold": 3,
        "n_train": 32,
        "n_test": 8,
        "train": {
          "accuracy": 0.625,
          "balanced_accuracy": 0.6,
          "mcc": 0.34240528516707336,
          "confusion_matrix": [
            [
              3,
              12
            ],
            [
              0,
              17
            ]
          ],
          "precision": [
            1.0,
            0.5862068965517241
          ],
          "recall": [
            0.2,
            1.0
          ],
          "f1": [
            0.3333333333333333,
            0.7391304347826086
          ],
          "support": [
            15,
            17
          ],
          "precision_macro": 0.7931034482758621,
          "recall_macro": 0.6,
          "f1_macro": 0.536231884057971,
          "precision_weighted": 0.7801724137931034,
          "recall_weighted": 0.625,
          "f1_weighted": 0.5489130434782609,
          "roc_auc": 0.6823529411764706
        },
        "test": {
          "accuracy": 0.5,
          "balanced_accuracy": 0.5,
          "mcc": 0.0,
          "confusion_matrix": [
            [
              0,
              4
            ],
            [
              0,
              4
            ]
          ],
          "precision": [
            0.0,
            0.5
          ],
          "recall": [
            0.0,
            1.0
          ],
          "f1": [
            0.0,
            0.6666666666666666
          ],
          "support": [
            4,
            4
          ],
          "precision_macro": 0.25,
          "recall_macro": 0.5,
          "f1_macro": 0.3333333333333333,
          "precision_weighted": 0.25,
          "recall_weighted": 0.5,
          "f1_weighted": 0.3333333333333333,
          "roc_auc": 0.625
        }
      },
      {
        "fold": 4,
        "n_train": 32,
        "n_test": 8,
        "train": {
          "accuracy": 0.53125,
          "balanced_accuracy": 0.5,
          "mcc": 0.0,
          "confusion_matrix": [
            [
              0,
              15
            ],
            [
              0,
              17
            ]
          ],
          "precision": [
            0.0,
            0.53125
          ],
          "recall": [
            0.0,
            1.0
          ],
          "f1": [
            0.0,
            0.6938775510204082
          ],
          "support": [
            15,
            17
          ],
          "precision_macro": 0.265625,
          "recall_macro": 0.5,
          "f1_macro": 0.3469387755102041,
          "precision_weighted": 0.2822265625,
          "recall_weighted": 0.53125,
          "f1_weighted": 0.36862244897959184,
          "roc_auc": 0.4666666666666667
        },
        "test": {
          "accuracy": 0.5,
          "balanced_accuracy": 0.5,
          "mcc": 0.0,
          "confusion_matrix": [
            [
              0,
              4
            ],
            [
              0,
              4
            ]
          ],
          "precision": [
            0.0,
            0.5
          ],
          "recall": [
            0.0,
            1.0
          ],
          "f1": [
            0.0,
            0.6666666666666666
          ],
          "support": [
            4,
            4
          ],
          "precision_macro": 0.25,
          "recall_macro": 0.5,
          "f1_macro": 0.3333333333333333,
          "precision_weighted": 0.25,
          "recall_weighted": 0.5,
          "f1_weighted": 0.3333333333333333,
          "roc_auc": 0.5
        }
      },
      {
        "fold": 5,
        "n_train": 32,
        "n_test": 8,
        "train": {
          "accuracy": 0.53125,
          "balanced_accuracy": 0.5,
          "mcc": 0.0,
          "confusion_matrix": [
            [
              0,
              15
            ],
            [
              0,
              17
            ]
          ],
          "precision": [
            0.0,
            0.53125
          ],
          "recall": [
            0.0,
            1.0
          ],
          "f1": [
            0.0,
            0.6938775510204082
          ],