{
  "granularity": "voxel-wise",
  "cross_validation": {
    "n_folds": 5,
    "fold_results": [
      {
        "fold": 1,
        "n_train": 268,
        "n_test": 67,
        "train": {
          "accuracy": 0.9328358208955224,
          "balanced_accuracy": 0.8813653282648293,
          "mcc": 0.8029049360782775,
          "confusion_matrix": [
            [
              48,
              13
            ],
            [
              5,
              202
            ]
          ],
          "precision": [
            0.9056603773584906,
            0.9395348837209302
          ],
          "recall": [
            0.7868852459016393,
            0.9758454106280193
          ],
          "f1": [
            0.8421052631578947,
            0.957345971563981
          ],
          "support": [
            61,
            207
          ],
          "precision_macro": 0.9225976305397103,
          "recall_macro": 0.8813653282648293,
          "f1_macro": 0.8997256173609378,
          "precision_weighted": 0.9318246416011212,
          "recall_weighted": 0.9328358208955224,
          "f1_weighted": 0.9311158103222972,
          "roc_auc": 0.9805179377524352
        },
        "test": {
          "accuracy": 0.8208955223880597,
          "balanced_accuracy": 0.7185897435897436,
          "mcc": 0.4608276419305203,
          "confusion_matrix": [
            [
              8,
              7
            ],
            [
              5,
              47
            ]
          ],
          "precision": [
            0.6153846153846154,
            0.8703703703703703
          ],
          "recall": [
            0.5333333333333333,
            0.9038461538461539
          ],
          "f1": [
            0.5714285714285714,
            0.8867924528301887
          ],
          "support": [
            15,
            52
          ],
          "precision_macro": 0.7428774928774928,
          "recall_macro": 0.7185897435897436,
          "f1_macro": 0.72911051212938,
          "precision_weighted": 0.8132840073138581,
          "recall_weighted": 0.8208955223880597,
          "f1_weighted": 0.8161885987850505,
          "roc_auc": 0.8705128205128205
        }
      },
      {
        "fold": 2,
        "n_train": 268,
        "n_test": 67,
        "train": {
          "accuracy": 0.9328358208955224,
          "balanced_accuracy": 0.8698028035162746,
          "mcc": 0.802287799235337,
          "confusion_matrix": [
            [
              46,
              15
            ],
            [
              3,
              204
            ]
          ],
          "precision": [
            0.9387755102040817,
            0.9315068493150684
          ],
          "recall": [
            0.7540983606557377,
            0.9855072463768116
          ],
          "f1": [
            0.8363636363636363,
            0.9577464788732394
          ],
          "support": [
            61,
            207
          ],
          "precision_macro": 0.935141179759575,
          "recall_macro": 0.8698028035162746,
          "f1_macro": 0.8970550576184378,
          "precision_weighted": 0.9331612833233885,
          "recall_weighted": 0.9328358208955224,
          "f1_weighted": 0.9301182945706805,
          "roc_auc": 0.974736675378158
        },
        "test": {
          "accuracy": 0.8059701492537313,
          "balanced_accuracy": 0.6615384615384616,
          "mcc": 0.37793386735931195,
          "confusion_matrix": [
            [
              6,
              9
            ],
            [
              4,
              48
            ]
          ],
          "precision": [
            0.6,
            0.8421052631578947
          ],
          "recall": [
            0.4,
            0.9230769230769231
          ],
          "f1": [
            0.48,
            0.8807339449541285
          ],
          "support": [
            15,
            52
          ],
          "precision_macro": 0.7210526315789474,
          "recall_macro": 0.6615384615384616,
          "f1_macro": 0.6803669724770642,
          "precision_weighted": 0.7879025923016496,
          "recall_weighted": 0.8059701492537313,
          "f1_weighted": 0.7910173901136519,
          "roc_auc": 0.6615384615384616
        }
      },
      {
        "fold": 3,
        "n_train": 268,
        "n_test": 67,
        "train": {
          "accuracy": 0.9440298507462687,
          "balanced_accuracy": 0.9001742298249782,
          "mcc": 0.8366145957131859,
          "confusion_matrix": [
            [
              50,
              11
            ],
            [
              4,
              203
            ]
          ],
          "precision": [
            0.9259259259259259,
            0.9485981308411215
          ],
          "recall": [
            0.819672131147541,
            0.9806763285024155
          ],
          "f1": [
            0.8695652173913043,
            0.9643705463182898
          ],
          "support": [
            61,
            207
          ],
          "precision_macro": 0.9372620283835238,
          "recall_macro": 0.9001742298249782,
          "f1_macro": 0.916967881854797,
          "precision_weighted": 0.9434376662895284,
          "recall_weighted": 0.9440298507462687,
          "f1_weighted": 0.9427917214505804,
          "roc_auc": 0.9840025342519997
        },
        "test": {
          "accuracy": 0.7761194029850746,
          "balanced_accuracy": 0.6660256410256411,
          "mcc": 0.340447782767762,
          "confusion_matrix": [
            [
              7,
              8
            ],
            [
              7,
              45
            ]
          ],
          "precision": [
            0.5,
            0.8490566037735849
          ],
          "recall": [
            0.4666666666666667,
            0.8653846153846154
          ],
          "f1": [
            0.4827586206896552,
            0.8571428571428571
          ],
          "support": [
            15,
            52
          ],
          "precision_macro": 0.6745283018867925,
          "recall_macro": 0.6660256410256411,
          "f1_macro": 0.6699507389162561,
          "precision_weighted": 0.7709096029287524,
          "recall_weighted": 0.7761194029850746,
          "f1_weighted": 0.7733254907727373,
          "roc_auc": 0.7474358974358974
        }
      },
      {
        "fold": 4,
        "n_train": 268,
        "n_test": 67,
        "train": {
          "accuracy": 0.9440298507462687,
          "balanced_accuracy": 0.9001742298249782,
          "mcc": 0.8366145957131859,
          "confusion_matrix": [
            [
              50,
              11
            ],
            [
              4,
              203
            ]
          ],
          "precision": [
            0.9259259259259259,
            0.9485981308411215
          ],
          "recall": [
            0.819672131147541,
            0.9806763285024155
          ],
          "f1": [
            0.8695652173913043,
            0.9643705463182898
          ],
          "support": [
            61,
            207
          ],
          "precision_macro": 0.9372620283835238,
          "recall_macro": 0.9001742298249782,
          "f1_macro": 0.916967881854797,
          "precision_weighted": 0.9434376662895284,
          "recall_weighted": 0.9440298507462687,
          "f1_weighted": 0.9427917214505804,
          "roc_auc": 0.9809931100023759
        },
        "test": {
          "accuracy": 0.7910447761194029,
          "balanced_accuracy": 0.6993589743589743,
          "mcc": 0.39871794871794874,
          "confusion_matrix": [
            [
              8,
              7
            ],
            [
              7,
              45
            ]
          ],
          "precision": [
            0.5333333333333333,
            0.8653846153846154
          ],
          "recall": [
            0.5333333333333333,
            0.8653846153846154
          ],