{
  "granularity": "voxel-wise",
  "cross_validation": {
    "n_folds": 5,
    "fold_results": [
      {
        "fold": 1,
        "n_train": 32,
        "n_test": 8,
        "train": {
          "accuracy": 0.53125,
          "balanced_accuracy": 0.53125,
          "mcc": 0.0657951694959769,
          "confusion_matrix": [
            [
              6,
              10
            ],
            [
              5,
              11
            ]
          ],
          "precision": [
            0.5454545454545454,
            0.5238095238095238
          ],
          "recall": [
            0.375,
            0.6875
          ],
          "f1": [
            0.4444444444444444,
            0.5945945945945946
          ],
          "support": [
            16,
            16
          ],
          "precision_macro": 0.5346320346320346,
          "recall_macro": 0.53125,
          "f1_macro": 0.5195195195195195,
          "precision_weighted": 0.5346320346320346,
          "recall_weighted": 0.53125,
          "f1_weighted": 0.5195195195195195,
          "roc_auc": 0.6796875
        },
        "test": {
          "accuracy": 0.75,
          "balanced_accuracy": 0.6666666666666666,
          "mcc": 0.4879500364742666,
          "confusion_matrix": [
            [
              1,
              2
            ],
            [
              0,
              5
            ]
          ],
          "precision": [
            1.0,
            0.7142857142857143
          ],
          "recall": [
            0.3333333333333333,
            1.0
          ],
          "f1": [
            0.5,
            0.8333333333333334
          ],
          "support": [
            3,
            5
          ],
          "precision_macro": 0.8571428571428572,
          "recall_macro": 0.6666666666666666,
          "f1_macro": 0.6666666666666667,
          "precision_weighted": 0.8214285714285714,
          "recall_weighted": 0.75,
          "f1_weighted": 0.7083333333333334,
          "roc_auc": 0.5333333333333333
        }
      },
      {
        "fold": 2,
        "n_train": 32,
        "n_test": 8,
        "train": {
          "accuracy": 0.5625,
          "balanced_accuracy": 0.5333333333333333,
          "mcc": 0.19120444499264716,
          "confusion_matrix": [
            [
              1,
              14
            ],
            [
              0,
              17
            ]
          ],
          "precision": [
            1.0,
            0.5483870967741935
          ],
          "recall": [
            0.06666666666666667,
            1.0
          ],
          "f1": [
            0.125,
            0.7083333333333334
          ],
          "support": [
            15,
            17
          ],
          "precision_macro": 0.7741935483870968,
          "recall_macro": 0.5333333333333333,
          "f1_macro": 0.4166666666666667,
          "precision_weighted": 0.7600806451612903,
          "recall_weighted": 0.5625,
          "f1_weighted": 0.43489583333333337,
          "roc_auc": 0.7176470588235294
        },
        "test": {
          "accuracy": 0.5,
          "balanced_accuracy": 0.5,
          "mcc": 0.0,
          "confusion_matrix": [
            [
              0,
              4
            ],
            [
              0,
              4
            ]
          ],
          "precision": [
            0.0,
            0.5
          ],
          "recall": [
            0.0,
            1.0
          ],
          "f1": [
            0.0,
            0.6666666666666666
          ],
          "support": [
            4,
            4
          ],
          "precision_macro": 0.25,
          "recall_macro": 0.5,
          "f1_macro": 0.3333333333333333,
          "precision_weighted": 0.25,
          "recall_weighted": 0.5,
          "f1_weighted": 0.3333333333333333,
          "roc_auc": 0.75
        }
      },
      {
        "fold": 3,
        "n_train": 32,
        "n_test": 8,
        "train": {
          "accuracy": 0.625,
          "balanced_accuracy": 0.6039215686274509,
          "mcc": 0.2856530694872366,
          "confusion_matrix": [
            [
              4,
              11
            ],
            [
              1,
              16
            ]
          ],
          "precision": [
            0.8,
            0.5925925925925926
          ],
          "recall": [
            0.26666666666666666,
            0.9411764705882353
          ],
          "f1": [
            0.4,
            0.7272727272727273
          ],
          "support": [
            15,
            17
          ],
          "precision_macro": 0.6962962962962963,
          "recall_macro": 0.6039215686274509,
          "f1_macro": 0.5636363636363637,
          "precision_weighted": 0.6898148148148148,
          "recall_weighted": 0.625,
          "f1_weighted": 0.5738636363636364,
          "roc_auc": 0.7372549019607844
        },
        "test": {
          "accuracy": 0.5,
          "balanced_accuracy": 0.5,
          "mcc": 0.0,
          "confusion_matrix": [
            [
              0,
              4
            ],
            [
              0,
              4
            ]
          ],
          "precision": [
            0.0,
            0.5
          ],
          "recall": [
            0.0,
            1.0
          ],
          "f1": [
            0.0,
            0.6666666666666666
          ],
          "support": [
            4,
            4
          ],
          "precision_macro": 0.25,
          "recall_macro": 0.5,
          "f1_macro": 0.3333333333333333,
          "precision_weighted": 0.25,
          "recall_weighted": 0.5,
          "f1_weighted": 0.3333333333333333,
          "roc_auc": 0.6875
        }
      },
      {
        "fold": 4,
        "n_train": 32,
        "n_test": 8,
        "train": {
          "accuracy": 0.53125,
          "balanced_accuracy": 0.5,
          "mcc": 0.0,
          "confusion_matrix": [
            [
              0,
              15
            ],
            [
              0,
              17
            ]
          ],
          "precision": [
            0.0,
            0.53125
          ],
          "recall": [
            0.0,
            1.0
          ],
          "f1": [
            0.0,
            0.6938775510204082
          ],
          "support": [
            15,
            17
          ],
          "precision_macro": 0.265625,
          "recall_macro": 0.5,
          "f1_macro": 0.3469387755102041,
          "precision_weighted": 0.2822265625,
          "recall_weighted": 0.53125,
          "f1_weighted": 0.36862244897959184,
          "roc_auc": 0.2196078431372549
        },
        "test": {
          "accuracy": 0.5,
          "balanced_accuracy": 0.5,
          "mcc": 0.0,
          "confusion_matrix": [
            [
              0,
              4
            ],
            [
              0,
              4
            ]
          ],
          "precision": [
            0.0,
            0.5
          ],
          "recall": [
            0.0,
            1.0
          ],
          "f1": [
            0.0,
            0.6666666666666666
          ],
          "support": [
            4,
            4
          ],
          "precision_macro": 0.25,
          "recall_macro": 0.5,
          "f1_macro": 0.3333333333333333,
          "precision_weighted": 0.25,
          "recall_weighted": 0.5,
          "f1_weighted": 0.3333333333333333,
          "roc_auc": 0.125
        }
      },
      {
        "fold": 5,
        "n_train": 32,
        "n_test": 8,
        "train": {
          "accuracy": 0.53125,
          "balanced_accuracy": 0.5,
          "mcc": 0.0,
          "confusion_matrix": [
            [
              0,
              15
            ],
            [
              0,
              17
            ]
          ],
          "precision": [
            0.0,
            0.53125
          ],
          "recall": [
            0.0,
            1.0
          ],