{
  "granularity": "voxel-wise",
  "cross_validation": {
    "n_folds": 5,
    "fold_results": [
      {
        "fold": 1,
        "n_train": 32,
        "n_test": 8,
        "train": {
          "accuracy": 0.84375,
          "balanced_accuracy": 0.84375,
          "mcc": 0.7237468644557459,
          "confusion_matrix": [
            [
              11,
              5
            ],
            [
              0,
              16
            ]
          ],
          "precision": [
            1.0,
            0.7619047619047619
          ],
          "recall": [
            0.6875,
            1.0
          ],
          "f1": [
            0.8148148148148148,
            0.8648648648648649
          ],
          "support": [
            16,
            16
          ],
          "precision_macro": 0.8809523809523809,
          "recall_macro": 0.84375,
          "f1_macro": 0.8398398398398399,
          "precision_weighted": 0.8809523809523809,
          "recall_weighted": 0.84375,
          "f1_weighted": 0.8398398398398399,
          "roc_auc": 0.9765625
        },
        "test": {
          "accuracy": 0.75,
          "balanced_accuracy": 0.6666666666666666,
          "mcc": 0.4879500364742666,
          "confusion_matrix": [
            [
              1,
              2
            ],
            [
              0,
              5
            ]
          ],
          "precision": [
            1.0,
            0.7142857142857143
          ],
          "recall": [
            0.3333333333333333,
            1.0
          ],
          "f1": [
            0.5,
            0.8333333333333334
          ],
          "support": [
            3,
            5
          ],
          "precision_macro": 0.8571428571428572,
          "recall_macro": 0.6666666666666666,
          "f1_macro": 0.6666666666666667,
          "precision_weighted": 0.8214285714285714,
          "recall_weighted": 0.75,
          "f1_weighted": 0.7083333333333334,
          "roc_auc": 0.6000000000000001
        }
      },
      {
        "fold": 2,
        "n_train": 32,
        "n_test": 8,
        "train": {
          "accuracy": 0.65625,
          "balanced_accuracy": 0.6333333333333333,
          "mcc": 0.4023739080814782,
          "confusion_matrix": [
            [
              4,
              11
            ],
            [
              0,
              17
            ]
          ],
          "precision": [
            1.0,
            0.6071428571428571
          ],
          "recall": [
            0.26666666666666666,
            1.0
          ],
          "f1": [
            0.42105263157894735,
            0.7555555555555555
          ],
          "support": [
            15,
            17
          ],
          "precision_macro": 0.8035714285714286,
          "recall_macro": 0.6333333333333333,
          "f1_macro": 0.5883040935672514,
          "precision_weighted": 0.7912946428571428,
          "recall_weighted": 0.65625,
          "f1_weighted": 0.5987573099415204,
          "roc_auc": 0.996078431372549
        },
        "test": {
          "accuracy": 0.5,
          "balanced_accuracy": 0.5,
          "mcc": 0.0,
          "confusion_matrix": [
            [
              0,
              4
            ],
            [
              0,
              4
            ]
          ],
          "precision": [
            0.0,
            0.5
          ],
          "recall": [
            0.0,
            1.0
          ],
          "f1": [
            0.0,
            0.6666666666666666
          ],
          "support": [
            4,
            4
          ],
          "precision_macro": 0.25,
          "recall_macro": 0.5,
          "f1_macro": 0.3333333333333333,
          "precision_weighted": 0.25,
          "recall_weighted": 0.5,
          "f1_weighted": 0.3333333333333333,
          "roc_auc": 0.8125
        }
      },
      {
        "fold": 3,
        "n_train": 32,
        "n_test": 8,
        "train": {
          "accuracy": 0.65625,
          "balanced_accuracy": 0.6333333333333333,
          "mcc": 0.4023739080814782,
          "confusion_matrix": [
            [
              4,
              11
            ],
            [
              0,
              17
            ]
          ],
          "precision": [
            1.0,
            0.6071428571428571
          ],
          "recall": [
            0.26666666666666666,
            1.0
          ],
          "f1": [
            0.42105263157894735,
            0.7555555555555555
          ],
          "support": [
            15,
            17
          ],
          "precision_macro": 0.8035714285714286,
          "recall_macro": 0.6333333333333333,
          "f1_macro": 0.5883040935672514,
          "precision_weighted": 0.7912946428571428,
          "recall_weighted": 0.65625,
          "f1_weighted": 0.5987573099415204,
          "roc_auc": 0.9607843137254902
        },
        "test": {
          "accuracy": 0.5,
          "balanced_accuracy": 0.5,
          "mcc": 0.0,
          "confusion_matrix": [
            [
              0,
              4
            ],
            [
              0,
              4
            ]
          ],
          "precision": [
            0.0,
            0.5
          ],
          "recall": [
            0.0,
            1.0
          ],
          "f1": [
            0.0,
            0.6666666666666666
          ],
          "support": [
            4,
            4
          ],
          "precision_macro": 0.25,
          "recall_macro": 0.5,
          "f1_macro": 0.3333333333333333,
          "precision_weighted": 0.25,
          "recall_weighted": 0.5,
          "f1_weighted": 0.3333333333333333,
          "roc_auc": 1.0
        }
      },
      {
        "fold": 4,
        "n_train": 32,
        "n_test": 8,
        "train": {
          "accuracy": 0.8125,
          "balanced_accuracy": 0.8,
          "mcc": 0.6659416347320276,
          "confusion_matrix": [
            [
              9,
              6
            ],
            [
              0,
              17
            ]
          ],
          "precision": [
            1.0,
            0.7391304347826086
          ],
          "recall": [
            0.6,
            1.0
          ],
          "f1": [
            0.75,
            0.85
          ],
          "support": [
            15,
            17
          ],
          "precision_macro": 0.8695652173913043,
          "recall_macro": 0.8,
          "f1_macro": 0.8,
          "precision_weighted": 0.8614130434782609,
          "recall_weighted": 0.8125,
          "f1_weighted": 0.803125,
          "roc_auc": 0.9764705882352941
        },
        "test": {
          "accuracy": 0.625,
          "balanced_accuracy": 0.625,
          "mcc": 0.2581988897471611,
          "confusion_matrix": [
            [
              3,
              1
            ],
            [
              2,
              2
            ]
          ],
          "precision": [
            0.6,
            0.6666666666666666
          ],
          "recall": [
            0.75,
            0.5
          ],
          "f1": [
            0.6666666666666666,
            0.5714285714285714
          ],
          "support": [
            4,
            4
          ],
          "precision_macro": 0.6333333333333333,
          "recall_macro": 0.625,
          "f1_macro": 0.6190476190476191,
          "precision_weighted": 0.6333333333333333,
          "recall_weighted": 0.625,
          "f1_weighted": 0.6190476190476191,
          "roc_auc": 0.5
        }
      },
      {
        "fold": 5,
        "n_train": 32,
        "n_test": 8,
        "train": {
          "accuracy": 0.6875,
          "balanced_accuracy": 0.6666666666666666,
          "mcc": 0.4581228472908512,
          "confusion_matrix": [
            [
              5,
              10
            ],
            [
              0,
              17
            ]
          ],