{
  "granularity": "voxel-wise",
  "cross_validation": {
    "n_folds": 5,
    "fold_results": [
      {
        "fold": 1,
        "n_train": 32,
        "n_test": 8,
        "train": {
          "accuracy": 0.53125,
          "balanced_accuracy": 0.53125,
          "mcc": 0.06950480468569159,
          "confusion_matrix": [
            [
              5,
              11
            ],
            [
              4,
              12
            ]
          ],
          "precision": [
            0.5555555555555556,
            0.5217391304347826
          ],
          "recall": [
            0.3125,
            0.75
          ],
          "f1": [
            0.4,
            0.6153846153846154
          ],
          "support": [
            16,
            16
          ],
          "precision_macro": 0.538647342995169,
          "recall_macro": 0.53125,
          "f1_macro": 0.5076923076923077,
          "precision_weighted": 0.538647342995169,
          "recall_weighted": 0.53125,
          "f1_weighted": 0.5076923076923077,
          "roc_auc": 0.74609375
        },
        "test": {
          "accuracy": 0.5,
          "balanced_accuracy": 0.4666666666666667,
          "mcc": -0.06666666666666667,
          "confusion_matrix": [
            [
              1,
              2
            ],
            [
              2,
              3
            ]
          ],
          "precision": [
            0.3333333333333333,
            0.6
          ],
          "recall": [
            0.3333333333333333,
            0.6
          ],
          "f1": [
            0.3333333333333333,
            0.6
          ],
          "support": [
            3,
            5
          ],
          "precision_macro": 0.4666666666666667,
          "recall_macro": 0.4666666666666667,
          "f1_macro": 0.4666666666666667,
          "precision_weighted": 0.5,
          "recall_weighted": 0.5,
          "f1_weighted": 0.5,
          "roc_auc": 0.4666666666666667
        }
      },
      {
        "fold": 2,
        "n_train": 32,
        "n_test": 8,
        "train": {
          "accuracy": 0.5625,
          "balanced_accuracy": 0.5333333333333333,
          "mcc": 0.19120444499264716,
          "confusion_matrix": [
            [
              1,
              14
            ],
            [
              0,
              17
            ]
          ],
          "precision": [
            1.0,
            0.5483870967741935
          ],
          "recall": [
            0.06666666666666667,
            1.0
          ],
          "f1": [
            0.125,
            0.7083333333333334
          ],
          "support": [
            15,
            17
          ],
          "precision_macro": 0.7741935483870968,
          "recall_macro": 0.5333333333333333,
          "f1_macro": 0.4166666666666667,
          "precision_weighted": 0.7600806451612903,
          "recall_weighted": 0.5625,
          "f1_weighted": 0.43489583333333337,
          "roc_auc": 0.7372549019607844
        },
        "test": {
          "accuracy": 0.5,
          "balanced_accuracy": 0.5,
          "mcc": 0.0,
          "confusion_matrix": [
            [
              0,
              4
            ],
            [
              0,
              4
            ]
          ],
          "precision": [
            0.0,
            0.5
          ],
          "recall": [
            0.0,
            1.0
          ],
          "f1": [
            0.0,
            0.6666666666666666
          ],
          "support": [
            4,
            4
          ],
          "precision_macro": 0.25,
          "recall_macro": 0.5,
          "f1_macro": 0.3333333333333333,
          "precision_weighted": 0.25,
          "recall_weighted": 0.5,
          "f1_weighted": 0.3333333333333333,
          "roc_auc": 0.75
        }
      },
      {
        "fold": 3,
        "n_train": 32,
        "n_test": 8,
        "train": {
          "accuracy": 0.59375,
          "balanced_accuracy": 0.5823529411764705,
          "mcc": 0.1773241389867146,
          "confusion_matrix": [
            [
              6,
              9
            ],
            [
              4,
              13
            ]
          ],
          "precision": [
            0.6,
            0.5909090909090909
          ],
          "recall": [
            0.4,
            0.7647058823529411
          ],
          "f1": [
            0.48,
            0.6666666666666666
          ],
          "support": [
            15,
            17
          ],
          "precision_macro": 0.5954545454545455,
          "recall_macro": 0.5823529411764705,
          "f1_macro": 0.5733333333333333,
          "precision_weighted": 0.5951704545454546,
          "recall_weighted": 0.59375,
          "f1_weighted": 0.5791666666666666,
          "roc_auc": 0.6941176470588235
        },
        "test": {
          "accuracy": 0.5,
          "balanced_accuracy": 0.5,
          "mcc": 0.0,
          "confusion_matrix": [
            [
              0,
              4
            ],
            [
              0,
              4
            ]
          ],
          "precision": [
            0.0,
            0.5
          ],
          "recall": [
            0.0,
            1.0
          ],
          "f1": [
            0.0,
            0.6666666666666666
          ],
          "support": [
            4,
            4
          ],
          "precision_macro": 0.25,
          "recall_macro": 0.5,
          "f1_macro": 0.3333333333333333,
          "precision_weighted": 0.25,
          "recall_weighted": 0.5,
          "f1_weighted": 0.3333333333333333,
          "roc_auc": 1.0
        }
      },
      {
        "fold": 4,
        "n_train": 32,
        "n_test": 8,
        "train": {
          "accuracy": 0.71875,
          "balanced_accuracy": 0.7039215686274509,
          "mcc": 0.4700159919404217,
          "confusion_matrix": [
            [
              7,
              8
            ],
            [
              1,
              16
            ]
          ],
          "precision": [
            0.875,
            0.6666666666666666
          ],
          "recall": [
            0.4666666666666667,
            0.9411764705882353
          ],
          "f1": [
            0.6086956521739131,
            0.7804878048780488
          ],
          "support": [
            15,
            17
          ],
          "precision_macro": 0.7708333333333333,
          "recall_macro": 0.7039215686274509,
          "f1_macro": 0.694591728525981,
          "precision_weighted": 0.7643229166666666,
          "recall_weighted": 0.71875,
          "f1_weighted": 0.6999602332979852,
          "roc_auc": 0.8274509803921568
        },
        "test": {
          "accuracy": 0.375,
          "balanced_accuracy": 0.375,
          "mcc": -0.2581988897471611,
          "confusion_matrix": [
            [
              1,
              3
            ],
            [
              2,
              2
            ]
          ],
          "precision": [
            0.3333333333333333,
            0.4
          ],
          "recall": [
            0.25,
            0.5
          ],
          "f1": [
            0.2857142857142857,
            0.4444444444444444
          ],
          "support": [
            4,
            4
          ],
          "precision_macro": 0.3666666666666667,
          "recall_macro": 0.375,
          "f1_macro": 0.36507936507936506,
          "precision_weighted": 0.3666666666666667,
          "recall_weighted": 0.375,
          "f1_weighted": 0.36507936507936506,
          "roc_auc": 0.4375
        }
      },
      {
        "fold": 5,
        "n_train": 32,
        "n_test": 8,
        "train": {
          "accuracy": 0.625,
          "balanced_accuracy": 0.6078431372549019,
          "mcc": 0.260359587582133,