{
  "granularity": "voxel-wise",
  "cross_validation": {
    "n_folds": 5,
    "fold_results": [
      {
        "fold": 1,
        "n_train": 32,
        "n_test": 8,
        "train": {
          "accuracy": 0.8125,
          "balanced_accuracy": 0.8125,
          "mcc": 0.674199862463242,
          "confusion_matrix": [
            [
              10,
              6
            ],
            [
              0,
              16
            ]
          ],
          "precision": [
            1.0,
            0.7272727272727273
          ],
          "recall": [
            0.625,
            1.0
          ],
          "f1": [
            0.7692307692307693,
            0.8421052631578947
          ],
          "support": [
            16,
            16
          ],
          "precision_macro": 0.8636363636363636,
          "recall_macro": 0.8125,
          "f1_macro": 0.8056680161943319,
          "precision_weighted": 0.8636363636363636,
          "recall_weighted": 0.8125,
          "f1_weighted": 0.8056680161943319,
          "roc_auc": 0.97265625
        },
        "test": {
          "accuracy": 0.5,
          "balanced_accuracy": 0.4666666666666667,
          "mcc": -0.06666666666666667,
          "confusion_matrix": [
            [
              1,
              2
            ],
            [
              2,
              3
            ]
          ],
          "precision": [
            0.3333333333333333,
            0.6
          ],
          "recall": [
            0.3333333333333333,
            0.6
          ],
          "f1": [
            0.3333333333333333,
            0.6
          ],
          "support": [
            3,
            5
          ],
          "precision_macro": 0.4666666666666667,
          "recall_macro": 0.4666666666666667,
          "f1_macro": 0.4666666666666667,
          "precision_weighted": 0.5,
          "recall_weighted": 0.5,
          "f1_weighted": 0.5,
          "roc_auc": 0.7333333333333334
        }
      },
      {
        "fold": 2,
        "n_train": 32,
        "n_test": 8,
        "train": {
          "accuracy": 0.6875,
          "balanced_accuracy": 0.6666666666666666,
          "mcc": 0.4581228472908512,
          "confusion_matrix": [
            [
              5,
              10
            ],
            [
              0,
              17
            ]
          ],
          "precision": [
            1.0,
            0.6296296296296297
          ],
          "recall": [
            0.3333333333333333,
            1.0
          ],
          "f1": [
            0.5,
            0.7727272727272727
          ],
          "support": [
            15,
            17
          ],
          "precision_macro": 0.8148148148148149,
          "recall_macro": 0.6666666666666666,
          "f1_macro": 0.6363636363636364,
          "precision_weighted": 0.8032407407407407,
          "recall_weighted": 0.6875,
          "f1_weighted": 0.6448863636363636,
          "roc_auc": 0.9803921568627452
        },
        "test": {
          "accuracy": 0.375,
          "balanced_accuracy": 0.375,
          "mcc": -0.3779644730092272,
          "confusion_matrix": [
            [
              0,
              4
            ],
            [
              1,
              3
            ]
          ],
          "precision": [
            0.0,
            0.42857142857142855
          ],
          "recall": [
            0.0,
            0.75
          ],
          "f1": [
            0.0,
            0.5454545454545454
          ],
          "support": [
            4,
            4
          ],
          "precision_macro": 0.21428571428571427,
          "recall_macro": 0.375,
          "f1_macro": 0.2727272727272727,
          "precision_weighted": 0.21428571428571427,
          "recall_weighted": 0.375,
          "f1_weighted": 0.2727272727272727,
          "roc_auc": 0.4375
        }
      },
      {
        "fold": 3,
        "n_train": 32,
        "n_test": 8,
        "train": {
          "accuracy": 0.84375,
          "balanced_accuracy": 0.8333333333333333,
          "mcc": 0.7177405625652734,
          "confusion_matrix": [
            [
              10,
              5
            ],
            [
              0,
              17
            ]
          ],
          "precision": [
            1.0,
            0.7727272727272727
          ],
          "recall": [
            0.6666666666666666,
            1.0
          ],
          "f1": [
            0.8,
            0.8717948717948718
          ],
          "support": [
            15,
            17
          ],
          "precision_macro": 0.8863636363636364,
          "recall_macro": 0.8333333333333333,
          "f1_macro": 0.8358974358974359,
          "precision_weighted": 0.8792613636363636,
          "recall_weighted": 0.84375,
          "f1_weighted": 0.8381410256410257,
          "roc_auc": 0.9254901960784314
        },
        "test": {
          "accuracy": 0.5,
          "balanced_accuracy": 0.5,
          "mcc": 0.0,
          "confusion_matrix": [
            [
              0,
              4
            ],
            [
              0,
              4
            ]
          ],
          "precision": [
            0.0,
            0.5
          ],
          "recall": [
            0.0,
            1.0
          ],
          "f1": [
            0.0,
            0.6666666666666666
          ],
          "support": [
            4,
            4
          ],
          "precision_macro": 0.25,
          "recall_macro": 0.5,
          "f1_macro": 0.3333333333333333,
          "precision_weighted": 0.25,
          "recall_weighted": 0.5,
          "f1_weighted": 0.3333333333333333,
          "roc_auc": 0.6875
        }
      },
      {
        "fold": 4,
        "n_train": 32,
        "n_test": 8,
        "train": {
          "accuracy": 0.875,
          "balanced_accuracy": 0.8666666666666667,
          "mcc": 0.7704873741021288,
          "confusion_matrix": [
            [
              11,
              4
            ],
            [
              0,
              17
            ]
          ],
          "precision": [
            1.0,
            0.8095238095238095
          ],
          "recall": [
            0.7333333333333333,
            1.0
          ],
          "f1": [
            0.8461538461538461,
            0.8947368421052632
          ],
          "support": [
            15,
            17
          ],
          "precision_macro": 0.9047619047619048,
          "recall_macro": 0.8666666666666667,
          "f1_macro": 0.8704453441295547,
          "precision_weighted": 0.8988095238095238,
          "recall_weighted": 0.875,
          "f1_weighted": 0.8719635627530364,
          "roc_auc": 0.996078431372549
        },
        "test": {
          "accuracy": 0.625,
          "balanced_accuracy": 0.625,
          "mcc": 0.3779644730092272,
          "confusion_matrix": [
            [
              1,
              3
            ],
            [
              0,
              4
            ]
          ],
          "precision": [
            1.0,
            0.5714285714285714
          ],
          "recall": [
            0.25,
            1.0
          ],
          "f1": [
            0.4,
            0.7272727272727273
          ],
          "support": [
            4,
            4
          ],
          "precision_macro": 0.7857142857142857,
          "recall_macro": 0.625,
          "f1_macro": 0.5636363636363637,
          "precision_weighted": 0.7857142857142857,
          "recall_weighted": 0.625,
          "f1_weighted": 0.5636363636363637,
          "roc_auc": 0.5
        }
      },
      {
        "fold": 5,
        "n_train": 32,
        "n_test": 8,
        "train": {
          "accuracy": 0.875,
          "balanced_accuracy": 0.8666666666666667,
          "mcc": 0.7704873741021288,