{
  "granularity": "voxel-wise",
  "cross_validation": {
    "n_folds": 5,
    "fold_results": [
      {
        "fold": 1,
        "n_train": 32,
        "n_test": 8,
        "train": {
          "accuracy": 0.90625,
          "balanced_accuracy": 0.90625,
          "mcc": 0.827170191868511,
          "confusion_matrix": [
            [
              13,
              3
            ],
            [
              0,
              16
            ]
          ],
          "precision": [
            1.0,
            0.8421052631578947
          ],
          "recall": [
            0.8125,
            1.0
          ],
          "f1": [
            0.896551724137931,
            0.9142857142857143
          ],
          "support": [
            16,
            16
          ],
          "precision_macro": 0.9210526315789473,
          "recall_macro": 0.90625,
          "f1_macro": 0.9054187192118226,
          "precision_weighted": 0.9210526315789473,
          "recall_weighted": 0.90625,
          "f1_weighted": 0.9054187192118226,
          "roc_auc": 0.9765625
        },
        "test": {
          "accuracy": 0.5,
          "balanced_accuracy": 0.6,
          "mcc": 0.29277002188455997,
          "confusion_matrix": [
            [
              3,
              0
            ],
            [
              4,
              1
            ]
          ],
          "precision": [
            0.42857142857142855,
            1.0
          ],
          "recall": [
            1.0,
            0.2
          ],
          "f1": [
            0.6,
            0.3333333333333333
          ],
          "support": [
            3,
            5
          ],
          "precision_macro": 0.7142857142857143,
          "recall_macro": 0.6,
          "f1_macro": 0.4666666666666667,
          "precision_weighted": 0.7857142857142857,
          "recall_weighted": 0.5,
          "f1_weighted": 0.4333333333333333,
          "roc_auc": 0.7333333333333334
        }
      },
      {
        "fold": 2,
        "n_train": 32,
        "n_test": 8,
        "train": {
          "accuracy": 0.84375,
          "balanced_accuracy": 0.8333333333333333,
          "mcc": 0.7177405625652734,
          "confusion_matrix": [
            [
              10,
              5
            ],
            [
              0,
              17
            ]
          ],
          "precision": [
            1.0,
            0.7727272727272727
          ],
          "recall": [
            0.6666666666666666,
            1.0
          ],
          "f1": [
            0.8,
            0.8717948717948718
          ],
          "support": [
            15,
            17
          ],
          "precision_macro": 0.8863636363636364,
          "recall_macro": 0.8333333333333333,
          "f1_macro": 0.8358974358974359,
          "precision_weighted": 0.8792613636363636,
          "recall_weighted": 0.84375,
          "f1_weighted": 0.8381410256410257,
          "roc_auc": 0.9764705882352942
        },
        "test": {
          "accuracy": 0.625,
          "balanced_accuracy": 0.625,
          "mcc": 0.3779644730092272,
          "confusion_matrix": [
            [
              1,
              3
            ],
            [
              0,
              4
            ]
          ],
          "precision": [
            1.0,
            0.5714285714285714
          ],
          "recall": [
            0.25,
            1.0
          ],
          "f1": [
            0.4,
            0.7272727272727273
          ],
          "support": [
            4,
            4
          ],
          "precision_macro": 0.7857142857142857,
          "recall_macro": 0.625,
          "f1_macro": 0.5636363636363637,
          "precision_weighted": 0.7857142857142857,
          "recall_weighted": 0.625,
          "f1_weighted": 0.5636363636363637,
          "roc_auc": 0.625
        }
      },
      {
        "fold": 3,
        "n_train": 32,
        "n_test": 8,
        "train": {
          "accuracy": 0.84375,
          "balanced_accuracy": 0.8372549019607842,
          "mcc": 0.6952687917708212,
          "confusion_matrix": [
            [
              11,
              4
            ],
            [
              1,
              16
            ]
          ],
          "precision": [
            0.9166666666666666,
            0.8
          ],
          "recall": [
            0.7333333333333333,
            0.9411764705882353
          ],
          "f1": [
            0.8148148148148148,
            0.8648648648648649
          ],
          "support": [
            15,
            17
          ],
          "precision_macro": 0.8583333333333334,
          "recall_macro": 0.8372549019607842,
          "f1_macro": 0.8398398398398399,
          "precision_weighted": 0.8546875,
          "recall_weighted": 0.84375,
          "f1_weighted": 0.8414039039039038,
          "roc_auc": 0.9686274509803923
        },
        "test": {
          "accuracy": 0.5,
          "balanced_accuracy": 0.5,
          "mcc": 0.0,
          "confusion_matrix": [
            [
              1,
              3
            ],
            [
              1,
              3
            ]
          ],
          "precision": [
            0.5,
            0.5
          ],
          "recall": [
            0.25,
            0.75
          ],
          "f1": [
            0.3333333333333333,
            0.6
          ],
          "support": [
            4,
            4
          ],
          "precision_macro": 0.5,
          "recall_macro": 0.5,
          "f1_macro": 0.4666666666666667,
          "precision_weighted": 0.5,
          "recall_weighted": 0.5,
          "f1_weighted": 0.4666666666666667,
          "roc_auc": 0.625
        }
      },
      {
        "fold": 4,
        "n_train": 32,
        "n_test": 8,
        "train": {
          "accuracy": 0.625,
          "balanced_accuracy": 0.6,
          "mcc": 0.34240528516707336,
          "confusion_matrix": [
            [
              3,
              12
            ],
            [
              0,
              17
            ]
          ],
          "precision": [
            1.0,
            0.5862068965517241
          ],
          "recall": [
            0.2,
            1.0
          ],
          "f1": [
            0.3333333333333333,
            0.7391304347826086
          ],
          "support": [
            15,
            17
          ],
          "precision_macro": 0.7931034482758621,
          "recall_macro": 0.6,
          "f1_macro": 0.536231884057971,
          "precision_weighted": 0.7801724137931034,
          "recall_weighted": 0.625,
          "f1_weighted": 0.5489130434782609,
          "roc_auc": 0.9058823529411765
        },
        "test": {
          "accuracy": 0.5,
          "balanced_accuracy": 0.5,
          "mcc": 0.0,
          "confusion_matrix": [
            [
              0,
              4
            ],
            [
              0,
              4
            ]
          ],
          "precision": [
            0.0,
            0.5
          ],
          "recall": [
            0.0,
            1.0
          ],
          "f1": [
            0.0,
            0.6666666666666666
          ],
          "support": [
            4,
            4
          ],
          "precision_macro": 0.25,
          "recall_macro": 0.5,
          "f1_macro": 0.3333333333333333,
          "precision_weighted": 0.25,
          "recall_weighted": 0.5,
          "f1_weighted": 0.3333333333333333,
          "roc_auc": 0.5625
        }
      },
      {
        "fold": 5,
        "n_train": 32,
        "n_test": 8,
        "train": {
          "accuracy": 0.625,
          "balanced_accuracy": 0.6,
          "mcc": 0.34240528516707336,
          "confusion_matrix": [
            [
              3,
              12
            ],
            [
              0,
              17
            ]
          ],