{
  "granularity": "voxel-wise",
  "cross_validation": {
    "n_folds": 5,
    "fold_results": [
      {
        "fold": 1,
        "n_train": 32,
        "n_test": 8,
        "train": {
          "accuracy": 0.71875,
          "balanced_accuracy": 0.71875,
          "mcc": 0.4605661864718383,
          "confusion_matrix": [
            [
              9,
              7
            ],
            [
              2,
              14
            ]
          ],
          "precision": [
            0.8181818181818182,
            0.6666666666666666
          ],
          "recall": [
            0.5625,
            0.875
          ],
          "f1": [
            0.6666666666666666,
            0.7567567567567568
          ],
          "support": [
            16,
            16
          ],
          "precision_macro": 0.7424242424242424,
          "recall_macro": 0.71875,
          "f1_macro": 0.7117117117117118,
          "precision_weighted": 0.7424242424242424,
          "recall_weighted": 0.71875,
          "f1_weighted": 0.7117117117117118,
          "roc_auc": 0.72265625
        },
        "test": {
          "accuracy": 0.75,
          "balanced_accuracy": 0.7333333333333334,
          "mcc": 0.4666666666666667,
          "confusion_matrix": [
            [
              2,
              1
            ],
            [
              1,
              4
            ]
          ],
          "precision": [
            0.6666666666666666,
            0.8
          ],
          "recall": [
            0.6666666666666666,
            0.8
          ],
          "f1": [
            0.6666666666666666,
            0.8
          ],
          "support": [
            3,
            5
          ],
          "precision_macro": 0.7333333333333334,
          "recall_macro": 0.7333333333333334,
          "f1_macro": 0.7333333333333334,
          "precision_weighted": 0.75,
          "recall_weighted": 0.75,
          "f1_weighted": 0.75,
          "roc_auc": 0.7333333333333334
        }
      },
      {
        "fold": 2,
        "n_train": 32,
        "n_test": 8,
        "train": {
          "accuracy": 0.78125,
          "balanced_accuracy": 0.7784313725490195,
          "mcc": 0.5601675975251952,
          "confusion_matrix": [
            [
              11,
              4
            ],
            [
              3,
              14
            ]
          ],
          "precision": [
            0.7857142857142857,
            0.7777777777777778
          ],
          "recall": [
            0.7333333333333333,
            0.8235294117647058
          ],
          "f1": [
            0.7586206896551724,
            0.8
          ],
          "support": [
            15,
            17
          ],
          "precision_macro": 0.7817460317460317,
          "recall_macro": 0.7784313725490195,
          "f1_macro": 0.7793103448275862,
          "precision_weighted": 0.7814980158730158,
          "recall_weighted": 0.78125,
          "f1_weighted": 0.7806034482758621,
          "roc_auc": 0.8823529411764706
        },
        "test": {
          "accuracy": 0.75,
          "balanced_accuracy": 0.75,
          "mcc": 0.5773502691896258,
          "confusion_matrix": [
            [
              2,
              2
            ],
            [
              0,
              4
            ]
          ],
          "precision": [
            1.0,
            0.6666666666666666
          ],
          "recall": [
            0.5,
            1.0
          ],
          "f1": [
            0.6666666666666666,
            0.8
          ],
          "support": [
            4,
            4
          ],
          "precision_macro": 0.8333333333333333,
          "recall_macro": 0.75,
          "f1_macro": 0.7333333333333334,
          "precision_weighted": 0.8333333333333333,
          "recall_weighted": 0.75,
          "f1_weighted": 0.7333333333333334,
          "roc_auc": 0.6875
        }
      },
      {
        "fold": 3,
        "n_train": 32,
        "n_test": 8,
        "train": {
          "accuracy": 0.78125,
          "balanced_accuracy": 0.7745098039215685,
          "mcc": 0.5659164584181102,
          "confusion_matrix": [
            [
              10,
              5
            ],
            [
              2,
              15
            ]
          ],
          "precision": [
            0.8333333333333334,
            0.75
          ],
          "recall": [
            0.6666666666666666,
            0.8823529411764706
          ],
          "f1": [
            0.7407407407407407,
            0.8108108108108109
          ],
          "support": [
            15,
            17
          ],
          "precision_macro": 0.7916666666666667,
          "recall_macro": 0.7745098039215685,
          "f1_macro": 0.7757757757757757,
          "precision_weighted": 0.7890625,
          "recall_weighted": 0.78125,
          "f1_weighted": 0.7779654654654655,
          "roc_auc": 0.788235294117647
        },
        "test": {
          "accuracy": 0.5,
          "balanced_accuracy": 0.5,
          "mcc": 0.0,
          "confusion_matrix": [
            [
              1,
              3
            ],
            [
              1,
              3
            ]
          ],
          "precision": [
            0.5,
            0.5
          ],
          "recall": [
            0.25,
            0.75
          ],
          "f1": [
            0.3333333333333333,
            0.6
          ],
          "support": [
            4,
            4
          ],
          "precision_macro": 0.5,
          "recall_macro": 0.5,
          "f1_macro": 0.4666666666666667,
          "precision_weighted": 0.5,
          "recall_weighted": 0.5,
          "f1_weighted": 0.4666666666666667,
          "roc_auc": 0.5625
        }
      },
      {
        "fold": 4,
        "n_train": 32,
        "n_test": 8,
        "train": {
          "accuracy": 0.625,
          "balanced_accuracy": 0.6078431372549019,
          "mcc": 0.260359587582133,
          "confusion_matrix": [
            [
              5,
              10
            ],
            [
              2,
              15
            ]
          ],
          "precision": [
            0.7142857142857143,
            0.6
          ],
          "recall": [
            0.3333333333333333,
            0.8823529411764706
          ],
          "f1": [
            0.45454545454545453,
            0.7142857142857143
          ],
          "support": [
            15,
            17
          ],
          "precision_macro": 0.6571428571428571,
          "recall_macro": 0.6078431372549019,
          "f1_macro": 0.5844155844155844,
          "precision_weighted": 0.6535714285714286,
          "recall_weighted": 0.625,
          "f1_weighted": 0.5925324675324675,
          "roc_auc": 0.6823529411764706
        },
        "test": {
          "accuracy": 0.75,
          "balanced_accuracy": 0.75,
          "mcc": 0.5,
          "confusion_matrix": [
            [
              3,
              1
            ],
            [
              1,
              3
            ]
          ],
          "precision": [
            0.75,
            0.75
          ],
          "recall": [
            0.75,
            0.75
          ],
          "f1": [
            0.75,
            0.75
          ],
          "support": [
            4,
            4
          ],
          "precision_macro": 0.75,
          "recall_macro": 0.75,
          "f1_macro": 0.75,
          "precision_weighted": 0.75,
          "recall_weighted": 0.75,
          "f1_weighted": 0.75,
          "roc_auc": 0.625
        }
      },
      {
        "fold": 5,
        "n_train": 32,
        "n_test": 8,
        "train": {
          "accuracy": 0.6875,
          "balanced_accuracy": 0.6784313725490196,
          "mcc": 0.374943053707453,