{
  "granularity": "voxel-wise",
  "cross_validation": {
    "n_folds": 5,
    "fold_results": [
      {
        "fold": 1,
        "n_train": 268,
        "n_test": 67,
        "train": {
          "accuracy": 0.7649253731343284,
          "balanced_accuracy": 0.5472004434940999,
          "mcc": 0.15062093073738597,
          "confusion_matrix": [
            [
              9,
              52
            ],
            [
              11,
              196
            ]
          ],
          "precision": [
            0.45,
            0.7903225806451613
          ],
          "recall": [
            0.14754098360655737,
            0.9468599033816425
          ],
          "f1": [
            0.2222222222222222,
            0.8615384615384616
          ],
          "support": [
            61,
            207
          ],
          "precision_macro": 0.6201612903225806,
          "recall_macro": 0.5472004434940999,
          "f1_macro": 0.541880341880342,
          "precision_weighted": 0.7128610977371208,
          "recall_weighted": 0.7649253731343284,
          "f1_weighted": 0.7160224518433473,
          "roc_auc": 0.7103825136612022
        },
        "test": {
          "accuracy": 0.8059701492537313,
          "balanced_accuracy": 0.6141025641025641,
          "mcc": 0.33314412452618636,
          "confusion_matrix": [
            [
              4,
              11
            ],
            [
              2,
              50
            ]
          ],
          "precision": [
            0.6666666666666666,
            0.819672131147541
          ],
          "recall": [
            0.26666666666666666,
            0.9615384615384616
          ],
          "f1": [
            0.38095238095238093,
            0.8849557522123894
          ],
          "support": [
            15,
            52
          ],
          "precision_macro": 0.7431693989071038,
          "recall_macro": 0.6141025641025641,
          "f1_macro": 0.6329540665823852,
          "precision_weighted": 0.7854171764130169,
          "recall_weighted": 0.8059701492537313,
          "f1_weighted": 0.7721191765571637,
          "roc_auc": 0.7474358974358976
        }
      },
      {
        "fold": 2,
        "n_train": 268,
        "n_test": 67,
        "train": {
          "accuracy": 0.7985074626865671,
          "balanced_accuracy": 0.6209709352973787,
          "mcc": 0.3265601410243021,
          "confusion_matrix": [
            [
              18,
              43
            ],
            [
              11,
              196
            ]
          ],
          "precision": [
            0.6206896551724138,
            0.8200836820083682
          ],
          "recall": [
            0.29508196721311475,
            0.9468599033816425
          ],
          "f1": [
            0.4,
            0.8789237668161435
          ],
          "support": [
            61,
            207
          ],
          "precision_macro": 0.720386668590391,
          "recall_macro": 0.6209709352973787,
          "f1_macro": 0.6394618834080718,
          "precision_weighted": 0.7746992206763039,
          "recall_weighted": 0.7985074626865671,
          "f1_weighted": 0.7699149989960512,
          "roc_auc": 0.7410311237823711
        },
        "test": {
          "accuracy": 0.7761194029850746,
          "balanced_accuracy": 0.5474358974358975,
          "mcc": 0.16691068827123642,
          "confusion_matrix": [
            [
              2,
              13
            ],
            [
              2,
              50
            ]
          ],
          "precision": [
            0.5,
            0.7936507936507936
          ],
          "recall": [
            0.13333333333333333,
            0.9615384615384616
          ],
          "f1": [
            0.21052631578947367,
            0.8695652173913043
          ],
          "support": [
            15,
            52
          ],
          "precision_macro": 0.6468253968253967,
          "recall_macro": 0.5474358974358975,
          "f1_macro": 0.540045766590389,
          "precision_weighted": 0.7279080786543473,
          "recall_weighted": 0.7761194029850746,
          "f1_weighted": 0.7220191946446258,
          "roc_auc": 0.6
        }
      },
      {
        "fold": 3,
        "n_train": 268,
        "n_test": 67,
        "train": {
          "accuracy": 0.7985074626865671,
          "balanced_accuracy": 0.609408410548824,
          "mcc": 0.3154697005512466,
          "confusion_matrix": [
            [
              16,
              45
            ],
            [
              9,
              198
            ]
          ],
          "precision": [
            0.64,
            0.8148148148148148
          ],
          "recall": [
            0.26229508196721313,
            0.9565217391304348
          ],
          "f1": [
            0.37209302325581395,
            0.88
          ],
          "support": [
            61,
            207
          ],
          "precision_macro": 0.7274074074074074,
          "recall_macro": 0.609408410548824,
          "f1_macro": 0.626046511627907,
          "precision_weighted": 0.7750248756218905,
          "recall_weighted": 0.7985074626865671,
          "f1_weighted": 0.7643943075321069,
          "roc_auc": 0.7174309020353212
        },
        "test": {
          "accuracy": 0.746268656716418,
          "balanced_accuracy": 0.551923076923077,
          "mcc": 0.13349552824938177,
          "confusion_matrix": [
            [
              3,
              12
            ],
            [
              5,
              47
            ]
          ],
          "precision": [
            0.375,
            0.7966101694915254
          ],
          "recall": [
            0.2,
            0.9038461538461539
          ],
          "f1": [
            0.2608695652173913,
            0.8468468468468469
          ],
          "support": [
            15,
            52
          ],
          "precision_macro": 0.5858050847457628,
          "recall_macro": 0.551923076923077,
          "f1_macro": 0.5538582060321191,
          "precision_weighted": 0.7022198330381988,
          "recall_weighted": 0.746268656716418,
          "f1_weighted": 0.7156579031984612,
          "roc_auc": 0.6730769230769231
        }
      },
      {
        "fold": 4,
        "n_train": 268,
        "n_test": 67,
        "train": {
          "accuracy": 0.7723880597014925,
          "balanced_accuracy": 0.5404688366199414,
          "mcc": 0.15251758833014983,
          "confusion_matrix": [
            [
              7,
              54
            ],
            [
              7,
              200
            ]
          ],
          "precision": [
            0.5,
            0.7874015748031497
          ],
          "recall": [
            0.11475409836065574,
            0.966183574879227
          ],
          "f1": [
            0.18666666666666668,
            0.8676789587852495
          ],
          "support": [
            61,
            207
          ],
          "precision_macro": 0.6437007874015748,
          "recall_macro": 0.5404688366199414,
          "f1_macro": 0.5271728127259581,
          "precision_weighted": 0.7219855447173581,
          "recall_weighted": 0.7723880597014925,
          "f1_weighted": 0.7126724296090048,
          "roc_auc": 0.6890789577888652
        },
        "test": {
          "accuracy": 0.8059701492537313,
          "balanced_accuracy": 0.5666666666666667,
          "mcc": 0.32659863237109044,
          "confusion_matrix": [
            [
              2,
              13
            ],
            [
              0,
              52
            ]
          ],
          "precision": [
            1.0,
            0.8
          ],
          "recall": [
            0.13333333333333333,
            1.0
          ],
          "f1": [
            0.23529411764705882,
            0.8888888888888888
          ],