{
  "granularity": "voxel-wise",
  "cross_validation": {
    "n_folds": 5,
    "fold_results": [
      {
        "fold": 1,
        "n_train": 32,
        "n_test": 8,
        "train": {
          "accuracy": 0.9375,
          "balanced_accuracy": 0.9375,
          "mcc": 0.875,
          "confusion_matrix": [
            [
              15,
              1
            ],
            [
              1,
              15
            ]
          ],
          "precision": [
            0.9375,
            0.9375
          ],
          "recall": [
            0.9375,
            0.9375
          ],
          "f1": [
            0.9375,
            0.9375
          ],
          "support": [
            16,
            16
          ],
          "precision_macro": 0.9375,
          "recall_macro": 0.9375,
          "f1_macro": 0.9375,
          "precision_weighted": 0.9375,
          "recall_weighted": 0.9375,
          "f1_weighted": 0.9375,
          "roc_auc": 0.96875
        },
        "test": {
          "accuracy": 0.5,
          "balanced_accuracy": 0.4666666666666667,
          "mcc": -0.06666666666666667,
          "confusion_matrix": [
            [
              1,
              2
            ],
            [
              2,
              3
            ]
          ],
          "precision": [
            0.3333333333333333,
            0.6
          ],
          "recall": [
            0.3333333333333333,
            0.6
          ],
          "f1": [
            0.3333333333333333,
            0.6
          ],
          "support": [
            3,
            5
          ],
          "precision_macro": 0.4666666666666667,
          "recall_macro": 0.4666666666666667,
          "f1_macro": 0.4666666666666667,
          "precision_weighted": 0.5,
          "recall_weighted": 0.5,
          "f1_weighted": 0.5,
          "roc_auc": 0.6666666666666667
        }
      },
      {
        "fold": 2,
        "n_train": 32,
        "n_test": 8,
        "train": {
          "accuracy": 0.9375,
          "balanced_accuracy": 0.9333333333333333,
          "mcc": 0.8805899139163632,
          "confusion_matrix": [
            [
              13,
              2
            ],
            [
              0,
              17
            ]
          ],
          "precision": [
            1.0,
            0.8947368421052632
          ],
          "recall": [
            0.8666666666666667,
            1.0
          ],
          "f1": [
            0.9285714285714286,
            0.9444444444444444
          ],
          "support": [
            15,
            17
          ],
          "precision_macro": 0.9473684210526316,
          "recall_macro": 0.9333333333333333,
          "f1_macro": 0.9365079365079365,
          "precision_weighted": 0.944078947368421,
          "recall_weighted": 0.9375,
          "f1_weighted": 0.9370039682539681,
          "roc_auc": 0.9921568627450981
        },
        "test": {
          "accuracy": 0.625,
          "balanced_accuracy": 0.625,
          "mcc": 0.2581988897471611,
          "confusion_matrix": [
            [
              2,
              2
            ],
            [
              1,
              3
            ]
          ],
          "precision": [
            0.6666666666666666,
            0.6
          ],
          "recall": [
            0.5,
            0.75
          ],
          "f1": [
            0.5714285714285714,
            0.6666666666666666
          ],
          "support": [
            4,
            4
          ],
          "precision_macro": 0.6333333333333333,
          "recall_macro": 0.625,
          "f1_macro": 0.6190476190476191,
          "precision_weighted": 0.6333333333333333,
          "recall_weighted": 0.625,
          "f1_weighted": 0.6190476190476191,
          "roc_auc": 0.5625
        }
      },
      {
        "fold": 3,
        "n_train": 32,
        "n_test": 8,
        "train": {
          "accuracy": 0.8125,
          "balanced_accuracy": 0.8,
          "mcc": 0.6659416347320276,
          "confusion_matrix": [
            [
              9,
              6
            ],
            [
              0,
              17
            ]
          ],
          "precision": [
            1.0,
            0.7391304347826086
          ],
          "recall": [
            0.6,
            1.0
          ],
          "f1": [
            0.75,
            0.85
          ],
          "support": [
            15,
            17
          ],
          "precision_macro": 0.8695652173913043,
          "recall_macro": 0.8,
          "f1_macro": 0.8,
          "precision_weighted": 0.8614130434782609,
          "recall_weighted": 0.8125,
          "f1_weighted": 0.803125,
          "roc_auc": 0.9803921568627452
        },
        "test": {
          "accuracy": 0.375,
          "balanced_accuracy": 0.375,
          "mcc": -0.3779644730092272,
          "confusion_matrix": [
            [
              0,
              4
            ],
            [
              1,
              3
            ]
          ],
          "precision": [
            0.0,
            0.42857142857142855
          ],
          "recall": [
            0.0,
            0.75
          ],
          "f1": [
            0.0,
            0.5454545454545454
          ],
          "support": [
            4,
            4
          ],
          "precision_macro": 0.21428571428571427,
          "recall_macro": 0.375,
          "f1_macro": 0.2727272727272727,
          "precision_weighted": 0.21428571428571427,
          "recall_weighted": 0.375,
          "f1_weighted": 0.2727272727272727,
          "roc_auc": 0.625
        }
      },
      {
        "fold": 4,
        "n_train": 32,
        "n_test": 8,
        "train": {
          "accuracy": 0.78125,
          "balanced_accuracy": 0.7666666666666666,
          "mcc": 0.6146362971528592,
          "confusion_matrix": [
            [
              8,
              7
            ],
            [
              0,
              17
            ]
          ],
          "precision": [
            1.0,
            0.7083333333333334
          ],
          "recall": [
            0.5333333333333333,
            1.0
          ],
          "f1": [
            0.6956521739130435,
            0.8292682926829268
          ],
          "support": [
            15,
            17
          ],
          "precision_macro": 0.8541666666666667,
          "recall_macro": 0.7666666666666666,
          "f1_macro": 0.7624602332979851,
          "precision_weighted": 0.8450520833333334,
          "recall_weighted": 0.78125,
          "f1_weighted": 0.766635737009544,
          "roc_auc": 0.9764705882352941
        },
        "test": {
          "accuracy": 0.5,
          "balanced_accuracy": 0.5,
          "mcc": 0.0,
          "confusion_matrix": [
            [
              1,
              3
            ],
            [
              1,
              3
            ]
          ],
          "precision": [
            0.5,
            0.5
          ],
          "recall": [
            0.25,
            0.75
          ],
          "f1": [
            0.3333333333333333,
            0.6
          ],
          "support": [
            4,
            4
          ],
          "precision_macro": 0.5,
          "recall_macro": 0.5,
          "f1_macro": 0.4666666666666667,
          "precision_weighted": 0.5,
          "recall_weighted": 0.5,
          "f1_weighted": 0.4666666666666667,
          "roc_auc": 0.375
        }
      },
      {
        "fold": 5,
        "n_train": 32,
        "n_test": 8,
        "train": {
          "accuracy": 0.5625,
          "balanced_accuracy": 0.5333333333333333,
          "mcc": 0.19120444499264716,
          "confusion_matrix": [
            [
              1,
              14
            ],
            [
              0,
              17
            ]
          ],
          "precision": [
            1.0,
            0.5483870967741935
          ],