{
  "granularity": "voxel-wise",
  "cross_validation": {
    "n_folds": 5,
    "fold_results": [
      {
        "fold": 1,
        "n_train": 32,
        "n_test": 8,
        "train": {
          "accuracy": 0.9375,
          "balanced_accuracy": 0.9375,
          "mcc": 0.875,
          "confusion_matrix": [
            [
              15,
              1
            ],
            [
              1,
              15
            ]
          ],
          "precision": [
            0.9375,
            0.9375
          ],
          "recall": [
            0.9375,
            0.9375
          ],
          "f1": [
            0.9375,
            0.9375
          ],
          "support": [
            16,
            16
          ],
          "precision_macro": 0.9375,
          "recall_macro": 0.9375,
          "f1_macro": 0.9375,
          "precision_weighted": 0.9375,
          "recall_weighted": 0.9375,
          "f1_weighted": 0.9375,
          "roc_auc": 0.98046875
        },
        "test": {
          "accuracy": 0.5,
          "balanced_accuracy": 0.4666666666666667,
          "mcc": -0.06666666666666667,
          "confusion_matrix": [
            [
              1,
              2
            ],
            [
              2,
              3
            ]
          ],
          "precision": [
            0.3333333333333333,
            0.6
          ],
          "recall": [
            0.3333333333333333,
            0.6
          ],
          "f1": [
            0.3333333333333333,
            0.6
          ],
          "support": [
            3,
            5
          ],
          "precision_macro": 0.4666666666666667,
          "recall_macro": 0.4666666666666667,
          "f1_macro": 0.4666666666666667,
          "precision_weighted": 0.5,
          "recall_weighted": 0.5,
          "f1_weighted": 0.5,
          "roc_auc": 0.6666666666666667
        }
      },
      {
        "fold": 2,
        "n_train": 32,
        "n_test": 8,
        "train": {
          "accuracy": 0.75,
          "balanced_accuracy": 0.7333333333333334,
          "mcc": 0.5633234713140696,
          "confusion_matrix": [
            [
              7,
              8
            ],
            [
              0,
              17
            ]
          ],
          "precision": [
            1.0,
            0.68
          ],
          "recall": [
            0.4666666666666667,
            1.0
          ],
          "f1": [
            0.6363636363636364,
            0.8095238095238095
          ],
          "support": [
            15,
            17
          ],
          "precision_macro": 0.8400000000000001,
          "recall_macro": 0.7333333333333334,
          "f1_macro": 0.722943722943723,
          "precision_weighted": 0.8300000000000001,
          "recall_weighted": 0.75,
          "f1_weighted": 0.7283549783549783,
          "roc_auc": 0.9882352941176471
        },
        "test": {
          "accuracy": 0.625,
          "balanced_accuracy": 0.625,
          "mcc": 0.3779644730092272,
          "confusion_matrix": [
            [
              1,
              3
            ],
            [
              0,
              4
            ]
          ],
          "precision": [
            1.0,
            0.5714285714285714
          ],
          "recall": [
            0.25,
            1.0
          ],
          "f1": [
            0.4,
            0.7272727272727273
          ],
          "support": [
            4,
            4
          ],
          "precision_macro": 0.7857142857142857,
          "recall_macro": 0.625,
          "f1_macro": 0.5636363636363637,
          "precision_weighted": 0.7857142857142857,
          "recall_weighted": 0.625,
          "f1_weighted": 0.5636363636363637,
          "roc_auc": 0.75
        }
      },
      {
        "fold": 3,
        "n_train": 32,
        "n_test": 8,
        "train": {
          "accuracy": 0.75,
          "balanced_accuracy": 0.7333333333333334,
          "mcc": 0.5633234713140696,
          "confusion_matrix": [
            [
              7,
              8
            ],
            [
              0,
              17
            ]
          ],
          "precision": [
            1.0,
            0.68
          ],
          "recall": [
            0.4666666666666667,
            1.0
          ],
          "f1": [
            0.6363636363636364,
            0.8095238095238095
          ],
          "support": [
            15,
            17
          ],
          "precision_macro": 0.8400000000000001,
          "recall_macro": 0.7333333333333334,
          "f1_macro": 0.722943722943723,
          "precision_weighted": 0.8300000000000001,
          "recall_weighted": 0.75,
          "f1_weighted": 0.7283549783549783,
          "roc_auc": 0.9764705882352942
        },
        "test": {
          "accuracy": 0.5,
          "balanced_accuracy": 0.5,
          "mcc": 0.0,
          "confusion_matrix": [
            [
              0,
              4
            ],
            [
              0,
              4
            ]
          ],
          "precision": [
            0.0,
            0.5
          ],
          "recall": [
            0.0,
            1.0
          ],
          "f1": [
            0.0,
            0.6666666666666666
          ],
          "support": [
            4,
            4
          ],
          "precision_macro": 0.25,
          "recall_macro": 0.5,
          "f1_macro": 0.3333333333333333,
          "precision_weighted": 0.25,
          "recall_weighted": 0.5,
          "f1_weighted": 0.3333333333333333,
          "roc_auc": 0.75
        }
      },
      {
        "fold": 4,
        "n_train": 32,
        "n_test": 8,
        "train": {
          "accuracy": 0.78125,
          "balanced_accuracy": 0.7666666666666666,
          "mcc": 0.6146362971528592,
          "confusion_matrix": [
            [
              8,
              7
            ],
            [
              0,
              17
            ]
          ],
          "precision": [
            1.0,
            0.7083333333333334
          ],
          "recall": [
            0.5333333333333333,
            1.0
          ],
          "f1": [
            0.6956521739130435,
            0.8292682926829268
          ],
          "support": [
            15,
            17
          ],
          "precision_macro": 0.8541666666666667,
          "recall_macro": 0.7666666666666666,
          "f1_macro": 0.7624602332979851,
          "precision_weighted": 0.8450520833333334,
          "recall_weighted": 0.78125,
          "f1_weighted": 0.766635737009544,
          "roc_auc": 0.9921568627450981
        },
        "test": {
          "accuracy": 0.375,
          "balanced_accuracy": 0.375,
          "mcc": -0.2581988897471611,
          "confusion_matrix": [
            [
              1,
              3
            ],
            [
              2,
              2
            ]
          ],
          "precision": [
            0.3333333333333333,
            0.4
          ],
          "recall": [
            0.25,
            0.5
          ],
          "f1": [
            0.2857142857142857,
            0.4444444444444444
          ],
          "support": [
            4,
            4
          ],
          "precision_macro": 0.3666666666666667,
          "recall_macro": 0.375,
          "f1_macro": 0.36507936507936506,
          "precision_weighted": 0.3666666666666667,
          "recall_weighted": 0.375,
          "f1_weighted": 0.36507936507936506,
          "roc_auc": 0.5
        }
      },
      {
        "fold": 5,
        "n_train": 32,
        "n_test": 8,
        "train": {
          "accuracy": 0.6875,
          "balanced_accuracy": 0.6666666666666666,
          "mcc": 0.4581228472908512,
          "confusion_matrix": [
            [
              5,
              10
            ],
            [
              0,
              17
            ]
          ],