{
  "granularity": "voxel-wise",
  "cross_validation": {
    "n_folds": 5,
    "fold_results": [
      {
        "fold": 1,
        "n_train": 32,
        "n_test": 8,
        "train": {
          "accuracy": 0.96875,
          "balanced_accuracy": 0.96875,
          "mcc": 0.9393364366277243,
          "confusion_matrix": [
            [
              15,
              1
            ],
            [
              0,
              16
            ]
          ],
          "precision": [
            1.0,
            0.9411764705882353
          ],
          "recall": [
            0.9375,
            1.0
          ],
          "f1": [
            0.967741935483871,
            0.9696969696969697
          ],
          "support": [
            16,
            16
          ],
          "precision_macro": 0.9705882352941176,
          "recall_macro": 0.96875,
          "f1_macro": 0.9687194525904204,
          "precision_weighted": 0.9705882352941176,
          "recall_weighted": 0.96875,
          "f1_weighted": 0.9687194525904204,
          "roc_auc": 0.98828125
        },
        "test": {
          "accuracy": 0.5,
          "balanced_accuracy": 0.6,
          "mcc": 0.29277002188455997,
          "confusion_matrix": [
            [
              3,
              0
            ],
            [
              4,
              1
            ]
          ],
          "precision": [
            0.42857142857142855,
            1.0
          ],
          "recall": [
            1.0,
            0.2
          ],
          "f1": [
            0.6,
            0.3333333333333333
          ],
          "support": [
            3,
            5
          ],
          "precision_macro": 0.7142857142857143,
          "recall_macro": 0.6,
          "f1_macro": 0.4666666666666667,
          "precision_weighted": 0.7857142857142857,
          "recall_weighted": 0.5,
          "f1_weighted": 0.4333333333333333,
          "roc_auc": 0.4666666666666667
        }
      },
      {
        "fold": 2,
        "n_train": 32,
        "n_test": 8,
        "train": {
          "accuracy": 0.9375,
          "balanced_accuracy": 0.9333333333333333,
          "mcc": 0.8805899139163632,
          "confusion_matrix": [
            [
              13,
              2
            ],
            [
              0,
              17
            ]
          ],
          "precision": [
            1.0,
            0.8947368421052632
          ],
          "recall": [
            0.8666666666666667,
            1.0
          ],
          "f1": [
            0.9285714285714286,
            0.9444444444444444
          ],
          "support": [
            15,
            17
          ],
          "precision_macro": 0.9473684210526316,
          "recall_macro": 0.9333333333333333,
          "f1_macro": 0.9365079365079365,
          "precision_weighted": 0.944078947368421,
          "recall_weighted": 0.9375,
          "f1_weighted": 0.9370039682539681,
          "roc_auc": 0.9843137254901961
        },
        "test": {
          "accuracy": 0.375,
          "balanced_accuracy": 0.375,
          "mcc": -0.2581988897471611,
          "confusion_matrix": [
            [
              1,
              3
            ],
            [
              2,
              2
            ]
          ],
          "precision": [
            0.3333333333333333,
            0.4
          ],
          "recall": [
            0.25,
            0.5
          ],
          "f1": [
            0.2857142857142857,
            0.4444444444444444
          ],
          "support": [
            4,
            4
          ],
          "precision_macro": 0.3666666666666667,
          "recall_macro": 0.375,
          "f1_macro": 0.36507936507936506,
          "precision_weighted": 0.3666666666666667,
          "recall_weighted": 0.375,
          "f1_weighted": 0.36507936507936506,
          "roc_auc": 0.375
        }
      },
      {
        "fold": 3,
        "n_train": 32,
        "n_test": 8,
        "train": {
          "accuracy": 0.90625,
          "balanced_accuracy": 0.9,
          "mcc": 0.8246211251235321,
          "confusion_matrix": [
            [
              12,
              3
            ],
            [
              0,
              17
            ]
          ],
          "precision": [
            1.0,
            0.85
          ],
          "recall": [
            0.8,
            1.0
          ],
          "f1": [
            0.8888888888888888,
            0.918918918918919
          ],
          "support": [
            15,
            17
          ],
          "precision_macro": 0.925,
          "recall_macro": 0.9,
          "f1_macro": 0.9039039039039038,
          "precision_weighted": 0.9203125,
          "recall_weighted": 0.90625,
          "f1_weighted": 0.9048423423423424,
          "roc_auc": 0.9764705882352942
        },
        "test": {
          "accuracy": 0.375,
          "balanced_accuracy": 0.375,
          "mcc": -0.2581988897471611,
          "confusion_matrix": [
            [
              1,
              3
            ],
            [
              2,
              2
            ]
          ],
          "precision": [
            0.3333333333333333,
            0.4
          ],
          "recall": [
            0.25,
            0.5
          ],
          "f1": [
            0.2857142857142857,
            0.4444444444444444
          ],
          "support": [
            4,
            4
          ],
          "precision_macro": 0.3666666666666667,
          "recall_macro": 0.375,
          "f1_macro": 0.36507936507936506,
          "precision_weighted": 0.3666666666666667,
          "recall_weighted": 0.375,
          "f1_weighted": 0.36507936507936506,
          "roc_auc": 0.5
        }
      },
      {
        "fold": 4,
        "n_train": 32,
        "n_test": 8,
        "train": {
          "accuracy": 0.9375,
          "balanced_accuracy": 0.9333333333333333,
          "mcc": 0.8805899139163632,
          "confusion_matrix": [
            [
              13,
              2
            ],
            [
              0,
              17
            ]
          ],
          "precision": [
            1.0,
            0.8947368421052632
          ],
          "recall": [
            0.8666666666666667,
            1.0
          ],
          "f1": [
            0.9285714285714286,
            0.9444444444444444
          ],
          "support": [
            15,
            17
          ],
          "precision_macro": 0.9473684210526316,
          "recall_macro": 0.9333333333333333,
          "f1_macro": 0.9365079365079365,
          "precision_weighted": 0.944078947368421,
          "recall_weighted": 0.9375,
          "f1_weighted": 0.9370039682539681,
          "roc_auc": 1.0
        },
        "test": {
          "accuracy": 0.5,
          "balanced_accuracy": 0.5,
          "mcc": 0.0,
          "confusion_matrix": [
            [
              0,
              4
            ],
            [
              0,
              4
            ]
          ],
          "precision": [
            0.0,
            0.5
          ],
          "recall": [
            0.0,
            1.0
          ],
          "f1": [
            0.0,
            0.6666666666666666
          ],
          "support": [
            4,
            4
          ],
          "precision_macro": 0.25,
          "recall_macro": 0.5,
          "f1_macro": 0.3333333333333333,
          "precision_weighted": 0.25,
          "recall_weighted": 0.5,
          "f1_weighted": 0.3333333333333333,
          "roc_auc": 0.5
        }
      },
      {
        "fold": 5,
        "n_train": 32,
        "n_test": 8,
        "train": {
          "accuracy": 0.9375,
          "balanced_accuracy": 0.9333333333333333,
          "mcc": 0.8805899139163632,
          "confusion_matrix": [
            [
              13,
              2
            ],
            [
              0,
              17
            ]
          ],