{
  "granularity": "voxel-wise",
  "cross_validation": {
    "n_folds": 5,
    "fold_results": [
      {
        "fold": 1,
        "n_train": 268,
        "n_test": 67,
        "train": {
          "accuracy": 0.7723880597014925,
          "balanced_accuracy": 0.5,
          "mcc": 0.0,
          "confusion_matrix": [
            [
              0,
              61
            ],
            [
              0,
              207
            ]
          ],
          "precision": [
            0.0,
            0.7723880597014925
          ],
          "recall": [
            0.0,
            1.0
          ],
          "f1": [
            0.0,
            0.871578947368421
          ],
          "support": [
            61,
            207
          ],
          "precision_macro": 0.38619402985074625,
          "recall_macro": 0.5,
          "f1_macro": 0.4357894736842105,
          "precision_weighted": 0.5965833147694363,
          "recall_weighted": 0.7723880597014925,
          "f1_weighted": 0.673197172034564,
          "roc_auc": 0.4917240833135345
        },
        "test": {
          "accuracy": 0.7761194029850746,
          "balanced_accuracy": 0.5,
          "mcc": 0.0,
          "confusion_matrix": [
            [
              0,
              15
            ],
            [
              0,
              52
            ]
          ],
          "precision": [
            0.0,
            0.7761194029850746
          ],
          "recall": [
            0.0,
            1.0
          ],
          "f1": [
            0.0,
            0.8739495798319328
          ],
          "support": [
            15,
            52
          ],
          "precision_macro": 0.3880597014925373,
          "recall_macro": 0.5,
          "f1_macro": 0.4369747899159664,
          "precision_weighted": 0.6023613276899087,
          "recall_weighted": 0.7761194029850746,
          "f1_weighted": 0.6782892261382165,
          "roc_auc": 0.5205128205128204
        }
      },
      {
        "fold": 2,
        "n_train": 268,
        "n_test": 67,
        "train": {
          "accuracy": 0.7723880597014925,
          "balanced_accuracy": 0.5,
          "mcc": 0.0,
          "confusion_matrix": [
            [
              0,
              61
            ],
            [
              0,
              207
            ]
          ],
          "precision": [
            0.0,
            0.7723880597014925
          ],
          "recall": [
            0.0,
            1.0
          ],
          "f1": [
            0.0,
            0.871578947368421
          ],
          "support": [
            61,
            207
          ],
          "precision_macro": 0.38619402985074625,
          "recall_macro": 0.5,
          "f1_macro": 0.4357894736842105,
          "precision_weighted": 0.5965833147694363,
          "recall_weighted": 0.7723880597014925,
          "f1_weighted": 0.673197172034564,
          "roc_auc": 0.4775085135028114
        },
        "test": {
          "accuracy": 0.7761194029850746,
          "balanced_accuracy": 0.5,
          "mcc": 0.0,
          "confusion_matrix": [
            [
              0,
              15
            ],
            [
              0,
              52
            ]
          ],
          "precision": [
            0.0,
            0.7761194029850746
          ],
          "recall": [
            0.0,
            1.0
          ],
          "f1": [
            0.0,
            0.8739495798319328
          ],
          "support": [
            15,
            52
          ],
          "precision_macro": 0.3880597014925373,
          "recall_macro": 0.5,
          "f1_macro": 0.4369747899159664,
          "precision_weighted": 0.6023613276899087,
          "recall_weighted": 0.7761194029850746,
          "f1_weighted": 0.6782892261382165,
          "roc_auc": 0.44294871794871793
        }
      },
      {
        "fold": 3,
        "n_train": 268,
        "n_test": 67,
        "train": {
          "accuracy": 0.7723880597014925,
          "balanced_accuracy": 0.5,
          "mcc": 0.0,
          "confusion_matrix": [
            [
              0,
              61
            ],
            [
              0,
              207
            ]
          ],
          "precision": [
            0.0,
            0.7723880597014925
          ],
          "recall": [
            0.0,
            1.0
          ],
          "f1": [
            0.0,
            0.871578947368421
          ],
          "support": [
            61,
            207
          ],
          "precision_macro": 0.38619402985074625,
          "recall_macro": 0.5,
          "f1_macro": 0.4357894736842105,
          "precision_weighted": 0.5965833147694363,
          "recall_weighted": 0.7723880597014925,
          "f1_weighted": 0.673197172034564,
          "roc_auc": 0.49837649481270296
        },
        "test": {
          "accuracy": 0.7761194029850746,
          "balanced_accuracy": 0.5,
          "mcc": 0.0,
          "confusion_matrix": [
            [
              0,
              15
            ],
            [
              0,
              52
            ]
          ],
          "precision": [
            0.0,
            0.7761194029850746
          ],
          "recall": [
            0.0,
            1.0
          ],
          "f1": [
            0.0,
            0.8739495798319328
          ],
          "support": [
            15,
            52
          ],
          "precision_macro": 0.3880597014925373,
          "recall_macro": 0.5,
          "f1_macro": 0.4369747899159664,
          "precision_weighted": 0.6023613276899087,
          "recall_weighted": 0.7761194029850746,
          "f1_weighted": 0.6782892261382165,
          "roc_auc": 0.5288461538461539
        }
      },
      {
        "fold": 4,
        "n_train": 268,
        "n_test": 67,
        "train": {
          "accuracy": 0.7723880597014925,
          "balanced_accuracy": 0.5,
          "mcc": 0.0,
          "confusion_matrix": [
            [
              0,
              61
            ],
            [
              0,
              207
            ]
          ],
          "precision": [
            0.0,
            0.7723880597014925
          ],
          "recall": [
            0.0,
            1.0
          ],
          "f1": [
            0.0,
            0.871578947368421
          ],
          "support": [
            61,
            207
          ],
          "precision_macro": 0.38619402985074625,
          "recall_macro": 0.5,
          "f1_macro": 0.4357894736842105,
          "precision_weighted": 0.5965833147694363,
          "recall_weighted": 0.7723880597014925,
          "f1_weighted": 0.673197172034564,
          "roc_auc": 0.496040231250495
        },
        "test": {
          "accuracy": 0.7761194029850746,
          "balanced_accuracy": 0.5,
          "mcc": 0.0,
          "confusion_matrix": [
            [
              0,
              15
            ],
            [
              0,
              52
            ]
          ],
          "precision": [
            0.0,
            0.7761194029850746
          ],
          "recall": [
            0.0,
            1.0
          ],
          "f1": [
            0.0,
            0.8739495798319328
          ],
          "support": [
            15,
            52
          ],
          "precision_macro": 0.3880597014925373,
          "recall_macro": 0.5,
          "f1_macro": 0.4369747899159664,
          "precision_weighted": 0.6023613276899087,
          "recall_weighted": 0.7761194029850746,
          "f1_weighted": 0.6782892261382165,
          "roc_auc": 0.517948717948718
        }
      },
      {
        "fold": 5,
        "n_train": 268,
        "n_test": 67,
        "train": {
          "accuracy": 0.7761194029850746,
          "balanced_accuracy": 0.5,
          "mcc": 0.0,