{
  "granularity": "voxel-wise",
  "cross_validation": {
    "n_folds": 5,
    "fold_results": [
      {
        "fold": 1,
        "n_train": 32,
        "n_test": 8,
        "train": {
          "accuracy": 0.59375,
          "balanced_accuracy": 0.59375,
          "mcc": 0.20851441405707474,
          "confusion_matrix": [
            [
              6,
              10
            ],
            [
              3,
              13
            ]
          ],
          "precision": [
            0.6666666666666666,
            0.5652173913043478
          ],
          "recall": [
            0.375,
            0.8125
          ],
          "f1": [
            0.48,
            0.6666666666666666
          ],
          "support": [
            16,
            16
          ],
          "precision_macro": 0.6159420289855072,
          "recall_macro": 0.59375,
          "f1_macro": 0.5733333333333333,
          "precision_weighted": 0.6159420289855072,
          "recall_weighted": 0.59375,
          "f1_weighted": 0.5733333333333333,
          "roc_auc": 0.78125
        },
        "test": {
          "accuracy": 0.75,
          "balanced_accuracy": 0.6666666666666666,
          "mcc": 0.4879500364742666,
          "confusion_matrix": [
            [
              1,
              2
            ],
            [
              0,
              5
            ]
          ],
          "precision": [
            1.0,
            0.7142857142857143
          ],
          "recall": [
            0.3333333333333333,
            1.0
          ],
          "f1": [
            0.5,
            0.8333333333333334
          ],
          "support": [
            3,
            5
          ],
          "precision_macro": 0.8571428571428572,
          "recall_macro": 0.6666666666666666,
          "f1_macro": 0.6666666666666667,
          "precision_weighted": 0.8214285714285714,
          "recall_weighted": 0.75,
          "f1_weighted": 0.7083333333333334,
          "roc_auc": 0.4666666666666667
        }
      },
      {
        "fold": 2,
        "n_train": 32,
        "n_test": 8,
        "train": {
          "accuracy": 0.5625,
          "balanced_accuracy": 0.5333333333333333,
          "mcc": 0.19120444499264716,
          "confusion_matrix": [
            [
              1,
              14
            ],
            [
              0,
              17
            ]
          ],
          "precision": [
            1.0,
            0.5483870967741935
          ],
          "recall": [
            0.06666666666666667,
            1.0
          ],
          "f1": [
            0.125,
            0.7083333333333334
          ],
          "support": [
            15,
            17
          ],
          "precision_macro": 0.7741935483870968,
          "recall_macro": 0.5333333333333333,
          "f1_macro": 0.4166666666666667,
          "precision_weighted": 0.7600806451612903,
          "recall_weighted": 0.5625,
          "f1_weighted": 0.43489583333333337,
          "roc_auc": 0.7843137254901962
        },
        "test": {
          "accuracy": 0.5,
          "balanced_accuracy": 0.5,
          "mcc": 0.0,
          "confusion_matrix": [
            [
              0,
              4
            ],
            [
              0,
              4
            ]
          ],
          "precision": [
            0.0,
            0.5
          ],
          "recall": [
            0.0,
            1.0
          ],
          "f1": [
            0.0,
            0.6666666666666666
          ],
          "support": [
            4,
            4
          ],
          "precision_macro": 0.25,
          "recall_macro": 0.5,
          "f1_macro": 0.3333333333333333,
          "precision_weighted": 0.25,
          "recall_weighted": 0.5,
          "f1_weighted": 0.3333333333333333,
          "roc_auc": 0.8125
        }
      },
      {
        "fold": 3,
        "n_train": 32,
        "n_test": 8,
        "train": {
          "accuracy": 0.59375,
          "balanced_accuracy": 0.5666666666666667,
          "mcc": 0.2748737083745107,
          "confusion_matrix": [
            [
              2,
              13
            ],
            [
              0,
              17
            ]
          ],
          "precision": [
            1.0,
            0.5666666666666667
          ],
          "recall": [
            0.13333333333333333,
            1.0
          ],
          "f1": [
            0.23529411764705882,
            0.723404255319149
          ],
          "support": [
            15,
            17
          ],
          "precision_macro": 0.7833333333333333,
          "recall_macro": 0.5666666666666667,
          "f1_macro": 0.4793491864831039,
          "precision_weighted": 0.7697916666666667,
          "recall_weighted": 0.59375,
          "f1_weighted": 0.4946026282853567,
          "roc_auc": 0.6980392156862746
        },
        "test": {
          "accuracy": 0.5,
          "balanced_accuracy": 0.5,
          "mcc": 0.0,
          "confusion_matrix": [
            [
              0,
              4
            ],
            [
              0,
              4
            ]
          ],
          "precision": [
            0.0,
            0.5
          ],
          "recall": [
            0.0,
            1.0
          ],
          "f1": [
            0.0,
            0.6666666666666666
          ],
          "support": [
            4,
            4
          ],
          "precision_macro": 0.25,
          "recall_macro": 0.5,
          "f1_macro": 0.3333333333333333,
          "precision_weighted": 0.25,
          "recall_weighted": 0.5,
          "f1_weighted": 0.3333333333333333,
          "roc_auc": 0.9375
        }
      },
      {
        "fold": 4,
        "n_train": 32,
        "n_test": 8,
        "train": {
          "accuracy": 0.71875,
          "balanced_accuracy": 0.7039215686274509,
          "mcc": 0.4700159919404217,
          "confusion_matrix": [
            [
              7,
              8
            ],
            [
              1,
              16
            ]
          ],
          "precision": [
            0.875,
            0.6666666666666666
          ],
          "recall": [
            0.4666666666666667,
            0.9411764705882353
          ],
          "f1": [
            0.6086956521739131,
            0.7804878048780488
          ],
          "support": [
            15,
            17
          ],
          "precision_macro": 0.7708333333333333,
          "recall_macro": 0.7039215686274509,
          "f1_macro": 0.694591728525981,
          "precision_weighted": 0.7643229166666666,
          "recall_weighted": 0.71875,
          "f1_weighted": 0.6999602332979852,
          "roc_auc": 0.8274509803921568
        },
        "test": {
          "accuracy": 0.375,
          "balanced_accuracy": 0.375,
          "mcc": -0.2581988897471611,
          "confusion_matrix": [
            [
              1,
              3
            ],
            [
              2,
              2
            ]
          ],
          "precision": [
            0.3333333333333333,
            0.4
          ],
          "recall": [
            0.25,
            0.5
          ],
          "f1": [
            0.2857142857142857,
            0.4444444444444444
          ],
          "support": [
            4,
            4
          ],
          "precision_macro": 0.3666666666666667,
          "recall_macro": 0.375,
          "f1_macro": 0.36507936507936506,
          "precision_weighted": 0.3666666666666667,
          "recall_weighted": 0.375,
          "f1_weighted": 0.36507936507936506,
          "roc_auc": 0.4375
        }
      },
      {
        "fold": 5,
        "n_train": 32,
        "n_test": 8,
        "train": {
          "accuracy": 0.59375,
          "balanced_accuracy": 0.5705882352941176,
          "mcc": 0.2130214807490179,