{
  "granularity": "voxel-wise",
  "cross_validation": {
    "n_folds": 5,
    "fold_results": [
      {
        "fold": 1,
        "n_train": 32,
        "n_test": 8,
        "train": {
          "accuracy": 0.90625,
          "balanced_accuracy": 0.90625,
          "mcc": 0.827170191868511,
          "confusion_matrix": [
            [
              13,
              3
            ],
            [
              0,
              16
            ]
          ],
          "precision": [
            1.0,
            0.8421052631578947
          ],
          "recall": [
            0.8125,
            1.0
          ],
          "f1": [
            0.896551724137931,
            0.9142857142857143
          ],
          "support": [
            16,
            16
          ],
          "precision_macro": 0.9210526315789473,
          "recall_macro": 0.90625,
          "f1_macro": 0.9054187192118226,
          "precision_weighted": 0.9210526315789473,
          "recall_weighted": 0.90625,
          "f1_weighted": 0.9054187192118226,
          "roc_auc": 0.984375
        },
        "test": {
          "accuracy": 0.75,
          "balanced_accuracy": 0.8,
          "mcc": 0.6,
          "confusion_matrix": [
            [
              3,
              0
            ],
            [
              2,
              3
            ]
          ],
          "precision": [
            0.6,
            1.0
          ],
          "recall": [
            1.0,
            0.6
          ],
          "f1": [
            0.75,
            0.75
          ],
          "support": [
            3,
            5
          ],
          "precision_macro": 0.8,
          "recall_macro": 0.8,
          "f1_macro": 0.75,
          "precision_weighted": 0.85,
          "recall_weighted": 0.75,
          "f1_weighted": 0.75,
          "roc_auc": 1.0
        }
      },
      {
        "fold": 2,
        "n_train": 32,
        "n_test": 8,
        "train": {
          "accuracy": 0.8125,
          "balanced_accuracy": 0.8,
          "mcc": 0.6659416347320276,
          "confusion_matrix": [
            [
              9,
              6
            ],
            [
              0,
              17
            ]
          ],
          "precision": [
            1.0,
            0.7391304347826086
          ],
          "recall": [
            0.6,
            1.0
          ],
          "f1": [
            0.75,
            0.85
          ],
          "support": [
            15,
            17
          ],
          "precision_macro": 0.8695652173913043,
          "recall_macro": 0.8,
          "f1_macro": 0.8,
          "precision_weighted": 0.8614130434782609,
          "recall_weighted": 0.8125,
          "f1_weighted": 0.803125,
          "roc_auc": 0.9921568627450981
        },
        "test": {
          "accuracy": 0.375,
          "balanced_accuracy": 0.375,
          "mcc": -0.3779644730092272,
          "confusion_matrix": [
            [
              0,
              4
            ],
            [
              1,
              3
            ]
          ],
          "precision": [
            0.0,
            0.42857142857142855
          ],
          "recall": [
            0.0,
            0.75
          ],
          "f1": [
            0.0,
            0.5454545454545454
          ],
          "support": [
            4,
            4
          ],
          "precision_macro": 0.21428571428571427,
          "recall_macro": 0.375,
          "f1_macro": 0.2727272727272727,
          "precision_weighted": 0.21428571428571427,
          "recall_weighted": 0.375,
          "f1_weighted": 0.2727272727272727,
          "roc_auc": 0.375
        }
      },
      {
        "fold": 3,
        "n_train": 32,
        "n_test": 8,
        "train": {
          "accuracy": 0.9375,
          "balanced_accuracy": 0.9333333333333333,
          "mcc": 0.8805899139163632,
          "confusion_matrix": [
            [
              13,
              2
            ],
            [
              0,
              17
            ]
          ],
          "precision": [
            1.0,
            0.8947368421052632
          ],
          "recall": [
            0.8666666666666667,
            1.0
          ],
          "f1": [
            0.9285714285714286,
            0.9444444444444444
          ],
          "support": [
            15,
            17
          ],
          "precision_macro": 0.9473684210526316,
          "recall_macro": 0.9333333333333333,
          "f1_macro": 0.9365079365079365,
          "precision_weighted": 0.944078947368421,
          "recall_weighted": 0.9375,
          "f1_weighted": 0.9370039682539681,
          "roc_auc": 0.9647058823529412
        },
        "test": {
          "accuracy": 0.5,
          "balanced_accuracy": 0.5,
          "mcc": 0.0,
          "confusion_matrix": [
            [
              0,
              4
            ],
            [
              0,
              4
            ]
          ],
          "precision": [
            0.0,
            0.5
          ],
          "recall": [
            0.0,
            1.0
          ],
          "f1": [
            0.0,
            0.6666666666666666
          ],
          "support": [
            4,
            4
          ],
          "precision_macro": 0.25,
          "recall_macro": 0.5,
          "f1_macro": 0.3333333333333333,
          "precision_weighted": 0.25,
          "recall_weighted": 0.5,
          "f1_weighted": 0.3333333333333333,
          "roc_auc": 0.6875
        }
      },
      {
        "fold": 4,
        "n_train": 32,
        "n_test": 8,
        "train": {
          "accuracy": 0.9375,
          "balanced_accuracy": 0.9333333333333333,
          "mcc": 0.8805899139163632,
          "confusion_matrix": [
            [
              13,
              2
            ],
            [
              0,
              17
            ]
          ],
          "precision": [
            1.0,
            0.8947368421052632
          ],
          "recall": [
            0.8666666666666667,
            1.0
          ],
          "f1": [
            0.9285714285714286,
            0.9444444444444444
          ],
          "support": [
            15,
            17
          ],
          "precision_macro": 0.9473684210526316,
          "recall_macro": 0.9333333333333333,
          "f1_macro": 0.9365079365079365,
          "precision_weighted": 0.944078947368421,
          "recall_weighted": 0.9375,
          "f1_weighted": 0.9370039682539681,
          "roc_auc": 1.0
        },
        "test": {
          "accuracy": 0.625,
          "balanced_accuracy": 0.625,
          "mcc": 0.3779644730092272,
          "confusion_matrix": [
            [
              1,
              3
            ],
            [
              0,
              4
            ]
          ],
          "precision": [
            1.0,
            0.5714285714285714
          ],
          "recall": [
            0.25,
            1.0
          ],
          "f1": [
            0.4,
            0.7272727272727273
          ],
          "support": [
            4,
            4
          ],
          "precision_macro": 0.7857142857142857,
          "recall_macro": 0.625,
          "f1_macro": 0.5636363636363637,
          "precision_weighted": 0.7857142857142857,
          "recall_weighted": 0.625,
          "f1_weighted": 0.5636363636363637,
          "roc_auc": 0.4375
        }
      },
      {
        "fold": 5,
        "n_train": 32,
        "n_test": 8,
        "train": {
          "accuracy": 0.9375,
          "balanced_accuracy": 0.9333333333333333,
          "mcc": 0.8805899139163632,
          "confusion_matrix": [
            [
              13,
              2
            ],
            [
              0,
              17
            ]
          ],
          "precision": [
            1.0,
            0.8947368421052632
          ],