{
  "granularity": "voxel-wise",
  "cross_validation": {
    "n_folds": 5,
    "fold_results": [
      {
        "fold": 1,
        "n_train": 32,
        "n_test": 8,
        "train": {
          "accuracy": 0.6875,
          "balanced_accuracy": 0.6875,
          "mcc": 0.3779644730092272,
          "confusion_matrix": [
            [
              10,
              6
            ],
            [
              4,
              12
            ]
          ],
          "precision": [
            0.7142857142857143,
            0.6666666666666666
          ],
          "recall": [
            0.625,
            0.75
          ],
          "f1": [
            0.6666666666666666,
            0.7058823529411765
          ],
          "support": [
            16,
            16
          ],
          "precision_macro": 0.6904761904761905,
          "recall_macro": 0.6875,
          "f1_macro": 0.6862745098039216,
          "precision_weighted": 0.6904761904761905,
          "recall_weighted": 0.6875,
          "f1_weighted": 0.6862745098039216,
          "roc_auc": 0.74609375
        },
        "test": {
          "accuracy": 0.5,
          "balanced_accuracy": 0.6,
          "mcc": 0.29277002188455997,
          "confusion_matrix": [
            [
              3,
              0
            ],
            [
              4,
              1
            ]
          ],
          "precision": [
            0.42857142857142855,
            1.0
          ],
          "recall": [
            1.0,
            0.2
          ],
          "f1": [
            0.6,
            0.3333333333333333
          ],
          "support": [
            3,
            5
          ],
          "precision_macro": 0.7142857142857143,
          "recall_macro": 0.6,
          "f1_macro": 0.4666666666666667,
          "precision_weighted": 0.7857142857142857,
          "recall_weighted": 0.5,
          "f1_weighted": 0.4333333333333333,
          "roc_auc": 1.0
        }
      },
      {
        "fold": 2,
        "n_train": 32,
        "n_test": 8,
        "train": {
          "accuracy": 0.65625,
          "balanced_accuracy": 0.6607843137254902,
          "mcc": 0.3234770633596198,
          "confusion_matrix": [
            [
              11,
              4
            ],
            [
              7,
              10
            ]
          ],
          "precision": [
            0.6111111111111112,
            0.7142857142857143
          ],
          "recall": [
            0.7333333333333333,
            0.5882352941176471
          ],
          "f1": [
            0.6666666666666666,
            0.6451612903225806
          ],
          "support": [
            15,
            17
          ],
          "precision_macro": 0.6626984126984128,
          "recall_macro": 0.6607843137254902,
          "f1_macro": 0.6559139784946236,
          "precision_weighted": 0.6659226190476191,
          "recall_weighted": 0.65625,
          "f1_weighted": 0.655241935483871,
          "roc_auc": 0.7686274509803921
        },
        "test": {
          "accuracy": 0.75,
          "balanced_accuracy": 0.75,
          "mcc": 0.5773502691896258,
          "confusion_matrix": [
            [
              2,
              2
            ],
            [
              0,
              4
            ]
          ],
          "precision": [
            1.0,
            0.6666666666666666
          ],
          "recall": [
            0.5,
            1.0
          ],
          "f1": [
            0.6666666666666666,
            0.8
          ],
          "support": [
            4,
            4
          ],
          "precision_macro": 0.8333333333333333,
          "recall_macro": 0.75,
          "f1_macro": 0.7333333333333334,
          "precision_weighted": 0.8333333333333333,
          "recall_weighted": 0.75,
          "f1_weighted": 0.7333333333333334,
          "roc_auc": 0.6875
        }
      },
      {
        "fold": 3,
        "n_train": 32,
        "n_test": 8,
        "train": {
          "accuracy": 0.71875,
          "balanced_accuracy": 0.7156862745098038,
          "mcc": 0.43393264597022163,
          "confusion_matrix": [
            [
              10,
              5
            ],
            [
              4,
              13
            ]
          ],
          "precision": [
            0.7142857142857143,
            0.7222222222222222
          ],
          "recall": [
            0.6666666666666666,
            0.7647058823529411
          ],
          "f1": [
            0.6896551724137931,
            0.7428571428571429
          ],
          "support": [
            15,
            17
          ],
          "precision_macro": 0.7182539682539683,
          "recall_macro": 0.7156862745098038,
          "f1_macro": 0.716256157635468,
          "precision_weighted": 0.7185019841269842,
          "recall_weighted": 0.71875,
          "f1_weighted": 0.7179187192118227,
          "roc_auc": 0.796078431372549
        },
        "test": {
          "accuracy": 0.75,
          "balanced_accuracy": 0.75,
          "mcc": 0.5,
          "confusion_matrix": [
            [
              3,
              1
            ],
            [
              1,
              3
            ]
          ],
          "precision": [
            0.75,
            0.75
          ],
          "recall": [
            0.75,
            0.75
          ],
          "f1": [
            0.75,
            0.75
          ],
          "support": [
            4,
            4
          ],
          "precision_macro": 0.75,
          "recall_macro": 0.75,
          "f1_macro": 0.75,
          "precision_weighted": 0.75,
          "recall_weighted": 0.75,
          "f1_weighted": 0.75,
          "roc_auc": 0.6875
        }
      },
      {
        "fold": 4,
        "n_train": 32,
        "n_test": 8,
        "train": {
          "accuracy": 0.6875,
          "balanced_accuracy": 0.6705882352941177,
          "mcc": 0.41184152944810126,
          "confusion_matrix": [
            [
              6,
              9
            ],
            [
              1,
              16
            ]
          ],
          "precision": [
            0.8571428571428571,
            0.64
          ],
          "recall": [
            0.4,
            0.9411764705882353
          ],
          "f1": [
            0.5454545454545454,
            0.7619047619047619
          ],
          "support": [
            15,
            17
          ],
          "precision_macro": 0.7485714285714286,
          "recall_macro": 0.6705882352941177,
          "f1_macro": 0.6536796536796536,
          "precision_weighted": 0.7417857142857143,
          "recall_weighted": 0.6875,
          "f1_weighted": 0.660443722943723,
          "roc_auc": 0.7647058823529411
        },
        "test": {
          "accuracy": 0.5,
          "balanced_accuracy": 0.5,
          "mcc": 0.0,
          "confusion_matrix": [
            [
              0,
              4
            ],
            [
              0,
              4
            ]
          ],
          "precision": [
            0.0,
            0.5
          ],
          "recall": [
            0.0,
            1.0
          ],
          "f1": [
            0.0,
            0.6666666666666666
          ],
          "support": [
            4,
            4
          ],
          "precision_macro": 0.25,
          "recall_macro": 0.5,
          "f1_macro": 0.3333333333333333,
          "precision_weighted": 0.25,
          "recall_weighted": 0.5,
          "f1_weighted": 0.3333333333333333,
          "roc_auc": 0.9375
        }
      },
      {
        "fold": 5,
        "n_train": 32,
        "n_test": 8,
        "train": {
          "accuracy": 0.75,
          "balanced_accuracy": 0.7411764705882353,
          "mcc": 0.5067911605056783,