{
  "granularity": "voxel-wise",
  "cross_validation": {
    "n_folds": 5,
    "fold_results": [
      {
        "fold": 1,
        "n_train": 32,
        "n_test": 8,
        "train": {
          "accuracy": 0.71875,
          "balanced_accuracy": 0.71875,
          "mcc": 0.5291502622129182,
          "confusion_matrix": [
            [
              16,
              0
            ],
            [
              9,
              7
            ]
          ],
          "precision": [
            0.64,
            1.0
          ],
          "recall": [
            1.0,
            0.4375
          ],
          "f1": [
            0.7804878048780488,
            0.6086956521739131
          ],
          "support": [
            16,
            16
          ],
          "precision_macro": 0.8200000000000001,
          "recall_macro": 0.71875,
          "f1_macro": 0.694591728525981,
          "precision_weighted": 0.8200000000000001,
          "recall_weighted": 0.71875,
          "f1_weighted": 0.694591728525981,
          "roc_auc": 0.82421875
        },
        "test": {
          "accuracy": 0.625,
          "balanced_accuracy": 0.7,
          "mcc": 0.4472135954999579,
          "confusion_matrix": [
            [
              3,
              0
            ],
            [
              3,
              2
            ]
          ],
          "precision": [
            0.5,
            1.0
          ],
          "recall": [
            1.0,
            0.4
          ],
          "f1": [
            0.6666666666666666,
            0.5714285714285714
          ],
          "support": [
            3,
            5
          ],
          "precision_macro": 0.75,
          "recall_macro": 0.7,
          "f1_macro": 0.6190476190476191,
          "precision_weighted": 0.8125,
          "recall_weighted": 0.625,
          "f1_weighted": 0.6071428571428571,
          "roc_auc": 0.6
        }
      },
      {
        "fold": 2,
        "n_train": 32,
        "n_test": 8,
        "train": {
          "accuracy": 0.6875,
          "balanced_accuracy": 0.6705882352941177,
          "mcc": 0.41184152944810126,
          "confusion_matrix": [
            [
              6,
              9
            ],
            [
              1,
              16
            ]
          ],
          "precision": [
            0.8571428571428571,
            0.64
          ],
          "recall": [
            0.4,
            0.9411764705882353
          ],
          "f1": [
            0.5454545454545454,
            0.7619047619047619
          ],
          "support": [
            15,
            17
          ],
          "precision_macro": 0.7485714285714286,
          "recall_macro": 0.6705882352941177,
          "f1_macro": 0.6536796536796536,
          "precision_weighted": 0.7417857142857143,
          "recall_weighted": 0.6875,
          "f1_weighted": 0.660443722943723,
          "roc_auc": 0.8627450980392157
        },
        "test": {
          "accuracy": 0.625,
          "balanced_accuracy": 0.625,
          "mcc": 0.3779644730092272,
          "confusion_matrix": [
            [
              1,
              3
            ],
            [
              0,
              4
            ]
          ],
          "precision": [
            1.0,
            0.5714285714285714
          ],
          "recall": [
            0.25,
            1.0
          ],
          "f1": [
            0.4,
            0.7272727272727273
          ],
          "support": [
            4,
            4
          ],
          "precision_macro": 0.7857142857142857,
          "recall_macro": 0.625,
          "f1_macro": 0.5636363636363637,
          "precision_weighted": 0.7857142857142857,
          "recall_weighted": 0.625,
          "f1_weighted": 0.5636363636363637,
          "roc_auc": 0.9375
        }
      },
      {
        "fold": 3,
        "n_train": 32,
        "n_test": 8,
        "train": {
          "accuracy": 0.78125,
          "balanced_accuracy": 0.7705882352941176,
          "mcc": 0.5826364566706337,
          "confusion_matrix": [
            [
              9,
              6
            ],
            [
              1,
              16
            ]
          ],
          "precision": [
            0.9,
            0.7272727272727273
          ],
          "recall": [
            0.6,
            0.9411764705882353
          ],
          "f1": [
            0.72,
            0.8205128205128205
          ],
          "support": [
            15,
            17
          ],
          "precision_macro": 0.8136363636363637,
          "recall_macro": 0.7705882352941176,
          "f1_macro": 0.7702564102564102,
          "precision_weighted": 0.8082386363636364,
          "recall_weighted": 0.78125,
          "f1_weighted": 0.7733974358974358,
          "roc_auc": 0.8901960784313725
        },
        "test": {
          "accuracy": 0.5,
          "balanced_accuracy": 0.5,
          "mcc": 0.0,
          "confusion_matrix": [
            [
              1,
              3
            ],
            [
              1,
              3
            ]
          ],
          "precision": [
            0.5,
            0.5
          ],
          "recall": [
            0.25,
            0.75
          ],
          "f1": [
            0.3333333333333333,
            0.6
          ],
          "support": [
            4,
            4
          ],
          "precision_macro": 0.5,
          "recall_macro": 0.5,
          "f1_macro": 0.4666666666666667,
          "precision_weighted": 0.5,
          "recall_weighted": 0.5,
          "f1_weighted": 0.4666666666666667,
          "roc_auc": 0.625
        }
      },
      {
        "fold": 4,
        "n_train": 32,
        "n_test": 8,
        "train": {
          "accuracy": 0.75,
          "balanced_accuracy": 0.7450980392156863,
          "mcc": 0.498071218278486,
          "confusion_matrix": [
            [
              10,
              5
            ],
            [
              3,
              14
            ]
          ],
          "precision": [
            0.7692307692307693,
            0.7368421052631579
          ],
          "recall": [
            0.6666666666666666,
            0.8235294117647058
          ],
          "f1": [
            0.7142857142857143,
            0.7777777777777778
          ],
          "support": [
            15,
            17
          ],
          "precision_macro": 0.7530364372469636,
          "recall_macro": 0.7450980392156863,
          "f1_macro": 0.746031746031746,
          "precision_weighted": 0.7520242914979757,
          "recall_weighted": 0.75,
          "f1_weighted": 0.748015873015873,
          "roc_auc": 0.8784313725490197
        },
        "test": {
          "accuracy": 0.5,
          "balanced_accuracy": 0.5,
          "mcc": 0.0,
          "confusion_matrix": [
            [
              2,
              2
            ],
            [
              2,
              2
            ]
          ],
          "precision": [
            0.5,
            0.5
          ],
          "recall": [
            0.5,
            0.5
          ],
          "f1": [
            0.5,
            0.5
          ],
          "support": [
            4,
            4
          ],
          "precision_macro": 0.5,
          "recall_macro": 0.5,
          "f1_macro": 0.5,
          "precision_weighted": 0.5,
          "recall_weighted": 0.5,
          "f1_weighted": 0.5,
          "roc_auc": 0.75
        }
      },
      {
        "fold": 5,
        "n_train": 32,
        "n_test": 8,
        "train": {
          "accuracy": 0.6875,
          "balanced_accuracy": 0.6784313725490196,
          "mcc": 0.374943053707453,
          "confusion_matrix": [
            [
              8,
              7
            ],
            [
              3,
              14
            ]
          ],
          "precision": [
            0.7272727272727273,
            0.6666666666666666
          ],