{
  "granularity": "voxel-wise",
  "cross_validation": {
    "n_folds": 5,
    "fold_results": [
      {
        "fold": 1,
        "n_train": 268,
        "n_test": 67,
        "train": {
          "accuracy": 0.8917910447761194,
          "balanced_accuracy": 0.7854201314643225,
          "mcc": 0.6716875036374633,
          "confusion_matrix": [
            [
              36,
              25
            ],
            [
              4,
              203
            ]
          ],
          "precision": [
            0.9,
            0.8903508771929824
          ],
          "recall": [
            0.5901639344262295,
            0.9806763285024155
          ],
          "f1": [
            0.7128712871287128,
            0.9333333333333333
          ],
          "support": [
            61,
            207
          ],
          "precision_macro": 0.8951754385964912,
          "recall_macro": 0.7854201314643225,
          "f1_macro": 0.8231023102310231,
          "precision_weighted": 0.8925471327572664,
          "recall_weighted": 0.8917910447761194,
          "f1_weighted": 0.8831535392345206,
          "roc_auc": 0.9658667933792666
        },
        "test": {
          "accuracy": 0.8059701492537313,
          "balanced_accuracy": 0.6615384615384616,
          "mcc": 0.37793386735931195,
          "confusion_matrix": [
            [
              6,
              9
            ],
            [
              4,
              48
            ]
          ],
          "precision": [
            0.6,
            0.8421052631578947
          ],
          "recall": [
            0.4,
            0.9230769230769231
          ],
          "f1": [
            0.48,
            0.8807339449541285
          ],
          "support": [
            15,
            52
          ],
          "precision_macro": 0.7210526315789474,
          "recall_macro": 0.6615384615384616,
          "f1_macro": 0.6803669724770642,
          "precision_weighted": 0.7879025923016496,
          "recall_weighted": 0.8059701492537313,
          "f1_weighted": 0.7910173901136519,
          "roc_auc": 0.8730769230769231
        }
      },
      {
        "fold": 2,
        "n_train": 268,
        "n_test": 67,
        "train": {
          "accuracy": 0.9067164179104478,
          "balanced_accuracy": 0.8182070167102241,
          "mcc": 0.7203432491300522,
          "confusion_matrix": [
            [
              40,
              21
            ],
            [
              4,
              203
            ]
          ],
          "precision": [
            0.9090909090909091,
            0.90625
          ],
          "recall": [
            0.6557377049180327,
            0.9806763285024155
          ],
          "f1": [
            0.7619047619047619,
            0.9419953596287703
          ],
          "support": [
            61,
            207
          ],
          "precision_macro": 0.9076704545454546,
          "recall_macro": 0.8182070167102241,
          "f1_macro": 0.851950060766766,
          "precision_weighted": 0.9068966248303935,
          "recall_weighted": 0.9067164179104478,
          "f1_weighted": 0.9010045892512908,
          "roc_auc": 0.9535123148808109
        },
        "test": {
          "accuracy": 0.8208955223880597,
          "balanced_accuracy": 0.6474358974358975,
          "mcc": 0.40184252074340204,
          "confusion_matrix": [
            [
              5,
              10
            ],
            [
              2,
              50
            ]
          ],
          "precision": [
            0.7142857142857143,
            0.8333333333333334
          ],
          "recall": [
            0.3333333333333333,
            0.9615384615384616
          ],
          "f1": [
            0.45454545454545453,
            0.8928571428571429
          ],
          "support": [
            15,
            52
          ],
          "precision_macro": 0.7738095238095238,
          "recall_macro": 0.6474358974358975,
          "f1_macro": 0.6737012987012987,
          "precision_weighted": 0.8066808813077471,
          "recall_weighted": 0.8208955223880597,
          "f1_weighted": 0.7947276603993022,
          "roc_auc": 0.7320512820512821
        }
      },
      {
        "fold": 3,
        "n_train": 268,
        "n_test": 67,
        "train": {
          "accuracy": 0.9067164179104478,
          "balanced_accuracy": 0.8182070167102241,
          "mcc": 0.7203432491300522,
          "confusion_matrix": [
            [
              40,
              21
            ],
            [
              4,
              203
            ]
          ],
          "precision": [
            0.9090909090909091,
            0.90625
          ],
          "recall": [
            0.6557377049180327,
            0.9806763285024155
          ],
          "f1": [
            0.7619047619047619,
            0.9419953596287703
          ],
          "support": [
            61,
            207
          ],
          "precision_macro": 0.9076704545454546,
          "recall_macro": 0.8182070167102241,
          "f1_macro": 0.851950060766766,
          "precision_weighted": 0.9068966248303935,
          "recall_weighted": 0.9067164179104478,
          "f1_weighted": 0.9010045892512908,
          "roc_auc": 0.967767482379029
        },
        "test": {
          "accuracy": 0.835820895522388,
          "balanced_accuracy": 0.7044871794871794,
          "mcc": 0.4784162844746846,
          "confusion_matrix": [
            [
              7,
              8
            ],
            [
              3,
              49
            ]
          ],
          "precision": [
            0.7,
            0.8596491228070176
          ],
          "recall": [
            0.4666666666666667,
            0.9423076923076923
          ],
          "f1": [
            0.56,
            0.8990825688073395
          ],
          "support": [
            15,
            52
          ],
          "precision_macro": 0.7798245614035088,
          "recall_macro": 0.7044871794871794,
          "f1_macro": 0.7295412844036697,
          "precision_weighted": 0.8239067818800733,
          "recall_weighted": 0.835820895522388,
          "f1_weighted": 0.8231685608653978,
          "roc_auc": 0.7846153846153846
        }
      },
      {
        "fold": 4,
        "n_train": 268,
        "n_test": 67,
        "train": {
          "accuracy": 0.8992537313432836,
          "balanced_accuracy": 0.7960323117129959,
          "mcc": 0.6966614563254268,
          "confusion_matrix": [
            [
              37,
              24
            ],
            [
              3,
              204
            ]
          ],
          "precision": [
            0.925,
            0.8947368421052632
          ],
          "recall": [
            0.6065573770491803,
            0.9855072463768116
          ],
          "f1": [
            0.7326732673267327,
            0.9379310344827586
          ],
          "support": [
            61,
            207
          ],
          "precision_macro": 0.9098684210526315,
          "recall_macro": 0.7960323117129959,
          "f1_macro": 0.8353021509047456,
          "precision_weighted": 0.9016250981932443,
          "recall_weighted": 0.8992537313432836,
          "f1_weighted": 0.8912119158390364,
          "roc_auc": 0.9609566801298803
        },
        "test": {
          "accuracy": 0.8656716417910447,
          "balanced_accuracy": 0.7474358974358974,
          "mcc": 0.5788987015900572,
          "confusion_matrix": [
            [
              8,
              7
            ],
            [
              2,
              50
            ]
          ],
          "precision": [
            0.8,
            0.8771929824561403
          ],
          "recall": [
            0.5333333333333333,
            0.9615384615384616
          ],
          "f1": [
            0.64,
            0.9174311926605505
          ],