{
  "granularity": "voxel-wise",
  "cross_validation": {
    "n_folds": 5,
    "fold_results": [
      {
        "fold": 1,
        "n_train": 32,
        "n_test": 8,
        "train": {
          "accuracy": 0.84375,
          "balanced_accuracy": 0.84375,
          "mcc": 0.7237468644557459,
          "confusion_matrix": [
            [
              11,
              5
            ],
            [
              0,
              16
            ]
          ],
          "precision": [
            1.0,
            0.7619047619047619
          ],
          "recall": [
            0.6875,
            1.0
          ],
          "f1": [
            0.8148148148148148,
            0.8648648648648649
          ],
          "support": [
            16,
            16
          ],
          "precision_macro": 0.8809523809523809,
          "recall_macro": 0.84375,
          "f1_macro": 0.8398398398398399,
          "precision_weighted": 0.8809523809523809,
          "recall_weighted": 0.84375,
          "f1_weighted": 0.8398398398398399,
          "roc_auc": 0.984375
        },
        "test": {
          "accuracy": 0.625,
          "balanced_accuracy": 0.5666666666666667,
          "mcc": 0.14907119849998599,
          "confusion_matrix": [
            [
              1,
              2
            ],
            [
              1,
              4
            ]
          ],
          "precision": [
            0.5,
            0.6666666666666666
          ],
          "recall": [
            0.3333333333333333,
            0.8
          ],
          "f1": [
            0.4,
            0.7272727272727273
          ],
          "support": [
            3,
            5
          ],
          "precision_macro": 0.5833333333333333,
          "recall_macro": 0.5666666666666667,
          "f1_macro": 0.5636363636363637,
          "precision_weighted": 0.6041666666666666,
          "recall_weighted": 0.625,
          "f1_weighted": 0.6045454545454546,
          "roc_auc": 0.5333333333333333
        }
      },
      {
        "fold": 2,
        "n_train": 32,
        "n_test": 8,
        "train": {
          "accuracy": 0.90625,
          "balanced_accuracy": 0.9,
          "mcc": 0.8246211251235321,
          "confusion_matrix": [
            [
              12,
              3
            ],
            [
              0,
              17
            ]
          ],
          "precision": [
            1.0,
            0.85
          ],
          "recall": [
            0.8,
            1.0
          ],
          "f1": [
            0.8888888888888888,
            0.918918918918919
          ],
          "support": [
            15,
            17
          ],
          "precision_macro": 0.925,
          "recall_macro": 0.9,
          "f1_macro": 0.9039039039039038,
          "precision_weighted": 0.9203125,
          "recall_weighted": 0.90625,
          "f1_weighted": 0.9048423423423424,
          "roc_auc": 1.0
        },
        "test": {
          "accuracy": 0.75,
          "balanced_accuracy": 0.75,
          "mcc": 0.5773502691896258,
          "confusion_matrix": [
            [
              2,
              2
            ],
            [
              0,
              4
            ]
          ],
          "precision": [
            1.0,
            0.6666666666666666
          ],
          "recall": [
            0.5,
            1.0
          ],
          "f1": [
            0.6666666666666666,
            0.8
          ],
          "support": [
            4,
            4
          ],
          "precision_macro": 0.8333333333333333,
          "recall_macro": 0.75,
          "f1_macro": 0.7333333333333334,
          "precision_weighted": 0.8333333333333333,
          "recall_weighted": 0.75,
          "f1_weighted": 0.7333333333333334,
          "roc_auc": 0.875
        }
      },
      {
        "fold": 3,
        "n_train": 32,
        "n_test": 8,
        "train": {
          "accuracy": 0.84375,
          "balanced_accuracy": 0.8333333333333333,
          "mcc": 0.7177405625652734,
          "confusion_matrix": [
            [
              10,
              5
            ],
            [
              0,
              17
            ]
          ],
          "precision": [
            1.0,
            0.7727272727272727
          ],
          "recall": [
            0.6666666666666666,
            1.0
          ],
          "f1": [
            0.8,
            0.8717948717948718
          ],
          "support": [
            15,
            17
          ],
          "precision_macro": 0.8863636363636364,
          "recall_macro": 0.8333333333333333,
          "f1_macro": 0.8358974358974359,
          "precision_weighted": 0.8792613636363636,
          "recall_weighted": 0.84375,
          "f1_weighted": 0.8381410256410257,
          "roc_auc": 0.9882352941176471
        },
        "test": {
          "accuracy": 0.625,
          "balanced_accuracy": 0.625,
          "mcc": 0.3779644730092272,
          "confusion_matrix": [
            [
              1,
              3
            ],
            [
              0,
              4
            ]
          ],
          "precision": [
            1.0,
            0.5714285714285714
          ],
          "recall": [
            0.25,
            1.0
          ],
          "f1": [
            0.4,
            0.7272727272727273
          ],
          "support": [
            4,
            4
          ],
          "precision_macro": 0.7857142857142857,
          "recall_macro": 0.625,
          "f1_macro": 0.5636363636363637,
          "precision_weighted": 0.7857142857142857,
          "recall_weighted": 0.625,
          "f1_weighted": 0.5636363636363637,
          "roc_auc": 1.0
        }
      },
      {
        "fold": 4,
        "n_train": 32,
        "n_test": 8,
        "train": {
          "accuracy": 0.84375,
          "balanced_accuracy": 0.8333333333333333,
          "mcc": 0.7177405625652734,
          "confusion_matrix": [
            [
              10,
              5
            ],
            [
              0,
              17
            ]
          ],
          "precision": [
            1.0,
            0.7727272727272727
          ],
          "recall": [
            0.6666666666666666,
            1.0
          ],
          "f1": [
            0.8,
            0.8717948717948718
          ],
          "support": [
            15,
            17
          ],
          "precision_macro": 0.8863636363636364,
          "recall_macro": 0.8333333333333333,
          "f1_macro": 0.8358974358974359,
          "precision_weighted": 0.8792613636363636,
          "recall_weighted": 0.84375,
          "f1_weighted": 0.8381410256410257,
          "roc_auc": 0.9882352941176471
        },
        "test": {
          "accuracy": 0.5,
          "balanced_accuracy": 0.5,
          "mcc": 0.0,
          "confusion_matrix": [
            [
              3,
              1
            ],
            [
              3,
              1
            ]
          ],
          "precision": [
            0.5,
            0.5
          ],
          "recall": [
            0.75,
            0.25
          ],
          "f1": [
            0.6,
            0.3333333333333333
          ],
          "support": [
            4,
            4
          ],
          "precision_macro": 0.5,
          "recall_macro": 0.5,
          "f1_macro": 0.4666666666666667,
          "precision_weighted": 0.5,
          "recall_weighted": 0.5,
          "f1_weighted": 0.4666666666666667,
          "roc_auc": 0.5
        }
      },
      {
        "fold": 5,
        "n_train": 32,
        "n_test": 8,
        "train": {
          "accuracy": 0.875,
          "balanced_accuracy": 0.8666666666666667,
          "mcc": 0.7704873741021288,
          "confusion_matrix": [
            [
              11,
              4
            ],
            [
              0,
              17
            ]
          ],