{
  "granularity": "voxel-wise",
  "cross_validation": {
    "n_folds": 5,
    "fold_results": [
      {
        "fold": 1,
        "n_train": 32,
        "n_test": 8,
        "train": {
          "accuracy": 0.71875,
          "balanced_accuracy": 0.71875,
          "mcc": 0.44539933408304444,
          "confusion_matrix": [
            [
              10,
              6
            ],
            [
              3,
              13
            ]
          ],
          "precision": [
            0.7692307692307693,
            0.6842105263157895
          ],
          "recall": [
            0.625,
            0.8125
          ],
          "f1": [
            0.6896551724137931,
            0.7428571428571429
          ],
          "support": [
            16,
            16
          ],
          "precision_macro": 0.7267206477732794,
          "recall_macro": 0.71875,
          "f1_macro": 0.716256157635468,
          "precision_weighted": 0.7267206477732794,
          "recall_weighted": 0.71875,
          "f1_weighted": 0.716256157635468,
          "roc_auc": 0.72265625
        },
        "test": {
          "accuracy": 0.625,
          "balanced_accuracy": 0.6333333333333333,
          "mcc": 0.2581988897471611,
          "confusion_matrix": [
            [
              2,
              1
            ],
            [
              2,
              3
            ]
          ],
          "precision": [
            0.5,
            0.75
          ],
          "recall": [
            0.6666666666666666,
            0.6
          ],
          "f1": [
            0.5714285714285714,
            0.6666666666666666
          ],
          "support": [
            3,
            5
          ],
          "precision_macro": 0.625,
          "recall_macro": 0.6333333333333333,
          "f1_macro": 0.6190476190476191,
          "precision_weighted": 0.65625,
          "recall_weighted": 0.625,
          "f1_weighted": 0.6309523809523809,
          "roc_auc": 0.7333333333333334
        }
      },
      {
        "fold": 2,
        "n_train": 32,
        "n_test": 8,
        "train": {
          "accuracy": 0.84375,
          "balanced_accuracy": 0.8372549019607842,
          "mcc": 0.6952687917708212,
          "confusion_matrix": [
            [
              11,
              4
            ],
            [
              1,
              16
            ]
          ],
          "precision": [
            0.9166666666666666,
            0.8
          ],
          "recall": [
            0.7333333333333333,
            0.9411764705882353
          ],
          "f1": [
            0.8148148148148148,
            0.8648648648648649
          ],
          "support": [
            15,
            17
          ],
          "precision_macro": 0.8583333333333334,
          "recall_macro": 0.8372549019607842,
          "f1_macro": 0.8398398398398399,
          "precision_weighted": 0.8546875,
          "recall_weighted": 0.84375,
          "f1_weighted": 0.8414039039039038,
          "roc_auc": 0.8823529411764706
        },
        "test": {
          "accuracy": 0.75,
          "balanced_accuracy": 0.75,
          "mcc": 0.5773502691896258,
          "confusion_matrix": [
            [
              2,
              2
            ],
            [
              0,
              4
            ]
          ],
          "precision": [
            1.0,
            0.6666666666666666
          ],
          "recall": [
            0.5,
            1.0
          ],
          "f1": [
            0.6666666666666666,
            0.8
          ],
          "support": [
            4,
            4
          ],
          "precision_macro": 0.8333333333333333,
          "recall_macro": 0.75,
          "f1_macro": 0.7333333333333334,
          "precision_weighted": 0.8333333333333333,
          "recall_weighted": 0.75,
          "f1_weighted": 0.7333333333333334,
          "roc_auc": 0.6875
        }
      },
      {
        "fold": 3,
        "n_train": 32,
        "n_test": 8,
        "train": {
          "accuracy": 0.78125,
          "balanced_accuracy": 0.7705882352941176,
          "mcc": 0.5826364566706337,
          "confusion_matrix": [
            [
              9,
              6
            ],
            [
              1,
              16
            ]
          ],
          "precision": [
            0.9,
            0.7272727272727273
          ],
          "recall": [
            0.6,
            0.9411764705882353
          ],
          "f1": [
            0.72,
            0.8205128205128205
          ],
          "support": [
            15,
            17
          ],
          "precision_macro": 0.8136363636363637,
          "recall_macro": 0.7705882352941176,
          "f1_macro": 0.7702564102564102,
          "precision_weighted": 0.8082386363636364,
          "recall_weighted": 0.78125,
          "f1_weighted": 0.7733974358974358,
          "roc_auc": 0.788235294117647
        },
        "test": {
          "accuracy": 0.625,
          "balanced_accuracy": 0.625,
          "mcc": 0.3779644730092272,
          "confusion_matrix": [
            [
              1,
              3
            ],
            [
              0,
              4
            ]
          ],
          "precision": [
            1.0,
            0.5714285714285714
          ],
          "recall": [
            0.25,
            1.0
          ],
          "f1": [
            0.4,
            0.7272727272727273
          ],
          "support": [
            4,
            4
          ],
          "precision_macro": 0.7857142857142857,
          "recall_macro": 0.625,
          "f1_macro": 0.5636363636363637,
          "precision_weighted": 0.7857142857142857,
          "recall_weighted": 0.625,
          "f1_weighted": 0.5636363636363637,
          "roc_auc": 0.5625
        }
      },
      {
        "fold": 4,
        "n_train": 32,
        "n_test": 8,
        "train": {
          "accuracy": 0.53125,
          "balanced_accuracy": 0.5,
          "mcc": 0.0,
          "confusion_matrix": [
            [
              0,
              15
            ],
            [
              0,
              17
            ]
          ],
          "precision": [
            0.0,
            0.53125
          ],
          "recall": [
            0.0,
            1.0
          ],
          "f1": [
            0.0,
            0.6938775510204082
          ],
          "support": [
            15,
            17
          ],
          "precision_macro": 0.265625,
          "recall_macro": 0.5,
          "f1_macro": 0.3469387755102041,
          "precision_weighted": 0.2822265625,
          "recall_weighted": 0.53125,
          "f1_weighted": 0.36862244897959184,
          "roc_auc": 0.25882352941176473
        },
        "test": {
          "accuracy": 0.5,
          "balanced_accuracy": 0.5,
          "mcc": 0.0,
          "confusion_matrix": [
            [
              0,
              4
            ],
            [
              0,
              4
            ]
          ],
          "precision": [
            0.0,
            0.5
          ],
          "recall": [
            0.0,
            1.0
          ],
          "f1": [
            0.0,
            0.6666666666666666
          ],
          "support": [
            4,
            4
          ],
          "precision_macro": 0.25,
          "recall_macro": 0.5,
          "f1_macro": 0.3333333333333333,
          "precision_weighted": 0.25,
          "recall_weighted": 0.5,
          "f1_weighted": 0.3333333333333333,
          "roc_auc": 0.375
        }
      },
      {
        "fold": 5,
        "n_train": 32,
        "n_test": 8,
        "train": {
          "accuracy": 0.53125,
          "balanced_accuracy": 0.5,
          "mcc": 0.0,
          "confusion_matrix": [
            [
              0,
              15
            ],
            [
              0,
              17
            ]
          ],