{
  "granularity": "voxel-wise",
  "cross_validation": {
    "n_folds": 5,
    "fold_results": [
      {
        "fold": 1,
        "n_train": 32,
        "n_test": 8,
        "train": {
          "accuracy": 0.625,
          "balanced_accuracy": 0.625,
          "mcc": 0.2581988897471611,
          "confusion_matrix": [
            [
              8,
              8
            ],
            [
              4,
              12
            ]
          ],
          "precision": [
            0.6666666666666666,
            0.6
          ],
          "recall": [
            0.5,
            0.75
          ],
          "f1": [
            0.5714285714285714,
            0.6666666666666666
          ],
          "support": [
            16,
            16
          ],
          "precision_macro": 0.6333333333333333,
          "recall_macro": 0.625,
          "f1_macro": 0.6190476190476191,
          "precision_weighted": 0.6333333333333333,
          "recall_weighted": 0.625,
          "f1_weighted": 0.6190476190476191,
          "roc_auc": 0.72265625
        },
        "test": {
          "accuracy": 0.5,
          "balanced_accuracy": 0.4666666666666667,
          "mcc": -0.06666666666666667,
          "confusion_matrix": [
            [
              1,
              2
            ],
            [
              2,
              3
            ]
          ],
          "precision": [
            0.3333333333333333,
            0.6
          ],
          "recall": [
            0.3333333333333333,
            0.6
          ],
          "f1": [
            0.3333333333333333,
            0.6
          ],
          "support": [
            3,
            5
          ],
          "precision_macro": 0.4666666666666667,
          "recall_macro": 0.4666666666666667,
          "f1_macro": 0.4666666666666667,
          "precision_weighted": 0.5,
          "recall_weighted": 0.5,
          "f1_weighted": 0.5,
          "roc_auc": 0.4
        }
      },
      {
        "fold": 2,
        "n_train": 32,
        "n_test": 8,
        "train": {
          "accuracy": 0.59375,
          "balanced_accuracy": 0.5705882352941176,
          "mcc": 0.2130214807490179,
          "confusion_matrix": [
            [
              3,
              12
            ],
            [
              1,
              16
            ]
          ],
          "precision": [
            0.75,
            0.5714285714285714
          ],
          "recall": [
            0.2,
            0.9411764705882353
          ],
          "f1": [
            0.3157894736842105,
            0.7111111111111111
          ],
          "support": [
            15,
            17
          ],
          "precision_macro": 0.6607142857142857,
          "recall_macro": 0.5705882352941176,
          "f1_macro": 0.5134502923976608,
          "precision_weighted": 0.6551339285714286,
          "recall_weighted": 0.59375,
          "f1_weighted": 0.5258040935672514,
          "roc_auc": 0.7568627450980392
        },
        "test": {
          "accuracy": 0.5,
          "balanced_accuracy": 0.5,
          "mcc": 0.0,
          "confusion_matrix": [
            [
              0,
              4
            ],
            [
              0,
              4
            ]
          ],
          "precision": [
            0.0,
            0.5
          ],
          "recall": [
            0.0,
            1.0
          ],
          "f1": [
            0.0,
            0.6666666666666666
          ],
          "support": [
            4,
            4
          ],
          "precision_macro": 0.25,
          "recall_macro": 0.5,
          "f1_macro": 0.3333333333333333,
          "precision_weighted": 0.25,
          "recall_weighted": 0.5,
          "f1_weighted": 0.3333333333333333,
          "roc_auc": 0.75
        }
      },
      {
        "fold": 3,
        "n_train": 32,
        "n_test": 8,
        "train": {
          "accuracy": 0.59375,
          "balanced_accuracy": 0.5823529411764705,
          "mcc": 0.1773241389867146,
          "confusion_matrix": [
            [
              6,
              9
            ],
            [
              4,
              13
            ]
          ],
          "precision": [
            0.6,
            0.5909090909090909
          ],
          "recall": [
            0.4,
            0.7647058823529411
          ],
          "f1": [
            0.48,
            0.6666666666666666
          ],
          "support": [
            15,
            17
          ],
          "precision_macro": 0.5954545454545455,
          "recall_macro": 0.5823529411764705,
          "f1_macro": 0.5733333333333333,
          "precision_weighted": 0.5951704545454546,
          "recall_weighted": 0.59375,
          "f1_weighted": 0.5791666666666666,
          "roc_auc": 0.6862745098039216
        },
        "test": {
          "accuracy": 0.5,
          "balanced_accuracy": 0.5,
          "mcc": 0.0,
          "confusion_matrix": [
            [
              0,
              4
            ],
            [
              0,
              4
            ]
          ],
          "precision": [
            0.0,
            0.5
          ],
          "recall": [
            0.0,
            1.0
          ],
          "f1": [
            0.0,
            0.6666666666666666
          ],
          "support": [
            4,
            4
          ],
          "precision_macro": 0.25,
          "recall_macro": 0.5,
          "f1_macro": 0.3333333333333333,
          "precision_weighted": 0.25,
          "recall_weighted": 0.5,
          "f1_weighted": 0.3333333333333333,
          "roc_auc": 1.0
        }
      },
      {
        "fold": 4,
        "n_train": 32,
        "n_test": 8,
        "train": {
          "accuracy": 0.53125,
          "balanced_accuracy": 0.5,
          "mcc": 0.0,
          "confusion_matrix": [
            [
              0,
              15
            ],
            [
              0,
              17
            ]
          ],
          "precision": [
            0.0,
            0.53125
          ],
          "recall": [
            0.0,
            1.0
          ],
          "f1": [
            0.0,
            0.6938775510204082
          ],
          "support": [
            15,
            17
          ],
          "precision_macro": 0.265625,
          "recall_macro": 0.5,
          "f1_macro": 0.3469387755102041,
          "precision_weighted": 0.2822265625,
          "recall_weighted": 0.53125,
          "f1_weighted": 0.36862244897959184,
          "roc_auc": 0.2431372549019608
        },
        "test": {
          "accuracy": 0.5,
          "balanced_accuracy": 0.5,
          "mcc": 0.0,
          "confusion_matrix": [
            [
              0,
              4
            ],
            [
              0,
              4
            ]
          ],
          "precision": [
            0.0,
            0.5
          ],
          "recall": [
            0.0,
            1.0
          ],
          "f1": [
            0.0,
            0.6666666666666666
          ],
          "support": [
            4,
            4
          ],
          "precision_macro": 0.25,
          "recall_macro": 0.5,
          "f1_macro": 0.3333333333333333,
          "precision_weighted": 0.25,
          "recall_weighted": 0.5,
          "f1_weighted": 0.3333333333333333,
          "roc_auc": 0.0625
        }
      },
      {
        "fold": 5,
        "n_train": 32,
        "n_test": 8,
        "train": {
          "accuracy": 0.53125,
          "balanced_accuracy": 0.5,
          "mcc": 0.0,
          "confusion_matrix": [
            [
              0,
              15
            ],
            [
              0,
              17
            ]
          ],
          "precision": [
            0.0,
            0.53125
          ],
          "recall": [
            0.0,
            1.0
          ],
          "f1": [
            0.0,
            0.6938775510204082
          ],