{
  "granularity": "voxel-wise",
  "cross_validation": {
    "n_folds": 5,
    "fold_results": [
      {
        "fold": 1,
        "n_train": 32,
        "n_test": 8,
        "train": {
          "accuracy": 0.5625,
          "balanced_accuracy": 0.5625,
          "mcc": 0.1259881576697424,
          "confusion_matrix": [
            [
              8,
              8
            ],
            [
              6,
              10
            ]
          ],
          "precision": [
            0.5714285714285714,
            0.5555555555555556
          ],
          "recall": [
            0.5,
            0.625
          ],
          "f1": [
            0.5333333333333333,
            0.5882352941176471
          ],
          "support": [
            16,
            16
          ],
          "precision_macro": 0.5634920634920635,
          "recall_macro": 0.5625,
          "f1_macro": 0.5607843137254902,
          "precision_weighted": 0.5634920634920635,
          "recall_weighted": 0.5625,
          "f1_weighted": 0.5607843137254902,
          "roc_auc": 0.7109375
        },
        "test": {
          "accuracy": 0.75,
          "balanced_accuracy": 0.6666666666666666,
          "mcc": 0.4879500364742666,
          "confusion_matrix": [
            [
              1,
              2
            ],
            [
              0,
              5
            ]
          ],
          "precision": [
            1.0,
            0.7142857142857143
          ],
          "recall": [
            0.3333333333333333,
            1.0
          ],
          "f1": [
            0.5,
            0.8333333333333334
          ],
          "support": [
            3,
            5
          ],
          "precision_macro": 0.8571428571428572,
          "recall_macro": 0.6666666666666666,
          "f1_macro": 0.6666666666666667,
          "precision_weighted": 0.8214285714285714,
          "recall_weighted": 0.75,
          "f1_weighted": 0.7083333333333334,
          "roc_auc": 0.6000000000000001
        }
      },
      {
        "fold": 2,
        "n_train": 32,
        "n_test": 8,
        "train": {
          "accuracy": 0.59375,
          "balanced_accuracy": 0.5784313725490196,
          "mcc": 0.1807753815155468,
          "confusion_matrix": [
            [
              5,
              10
            ],
            [
              3,
              14
            ]
          ],
          "precision": [
            0.625,
            0.5833333333333334
          ],
          "recall": [
            0.3333333333333333,
            0.8235294117647058
          ],
          "f1": [
            0.43478260869565216,
            0.6829268292682927
          ],
          "support": [
            15,
            17
          ],
          "precision_macro": 0.6041666666666667,
          "recall_macro": 0.5784313725490196,
          "f1_macro": 0.5588547189819725,
          "precision_weighted": 0.6028645833333334,
          "recall_weighted": 0.59375,
          "f1_weighted": 0.5666092258748675,
          "roc_auc": 0.7921568627450979
        },
        "test": {
          "accuracy": 0.5,
          "balanced_accuracy": 0.5,
          "mcc": 0.0,
          "confusion_matrix": [
            [
              1,
              3
            ],
            [
              1,
              3
            ]
          ],
          "precision": [
            0.5,
            0.5
          ],
          "recall": [
            0.25,
            0.75
          ],
          "f1": [
            0.3333333333333333,
            0.6
          ],
          "support": [
            4,
            4
          ],
          "precision_macro": 0.5,
          "recall_macro": 0.5,
          "f1_macro": 0.4666666666666667,
          "precision_weighted": 0.5,
          "recall_weighted": 0.5,
          "f1_weighted": 0.4666666666666667,
          "roc_auc": 0.6875
        }
      },
      {
        "fold": 3,
        "n_train": 32,
        "n_test": 8,
        "train": {
          "accuracy": 0.625,
          "balanced_accuracy": 0.6078431372549019,
          "mcc": 0.260359587582133,
          "confusion_matrix": [
            [
              5,
              10
            ],
            [
              2,
              15
            ]
          ],
          "precision": [
            0.7142857142857143,
            0.6
          ],
          "recall": [
            0.3333333333333333,
            0.8823529411764706
          ],
          "f1": [
            0.45454545454545453,
            0.7142857142857143
          ],
          "support": [
            15,
            17
          ],
          "precision_macro": 0.6571428571428571,
          "recall_macro": 0.6078431372549019,
          "f1_macro": 0.5844155844155844,
          "precision_weighted": 0.6535714285714286,
          "recall_weighted": 0.625,
          "f1_weighted": 0.5925324675324675,
          "roc_auc": 0.7529411764705882
        },
        "test": {
          "accuracy": 0.5,
          "balanced_accuracy": 0.5,
          "mcc": 0.0,
          "confusion_matrix": [
            [
              0,
              4
            ],
            [
              0,
              4
            ]
          ],
          "precision": [
            0.0,
            0.5
          ],
          "recall": [
            0.0,
            1.0
          ],
          "f1": [
            0.0,
            0.6666666666666666
          ],
          "support": [
            4,
            4
          ],
          "precision_macro": 0.25,
          "recall_macro": 0.5,
          "f1_macro": 0.3333333333333333,
          "precision_weighted": 0.25,
          "recall_weighted": 0.5,
          "f1_weighted": 0.3333333333333333,
          "roc_auc": 0.75
        }
      },
      {
        "fold": 4,
        "n_train": 32,
        "n_test": 8,
        "train": {
          "accuracy": 0.53125,
          "balanced_accuracy": 0.5,
          "mcc": 0.0,
          "confusion_matrix": [
            [
              0,
              15
            ],
            [
              0,
              17
            ]
          ],
          "precision": [
            0.0,
            0.53125
          ],
          "recall": [
            0.0,
            1.0
          ],
          "f1": [
            0.0,
            0.6938775510204082
          ],
          "support": [
            15,
            17
          ],
          "precision_macro": 0.265625,
          "recall_macro": 0.5,
          "f1_macro": 0.3469387755102041,
          "precision_weighted": 0.2822265625,
          "recall_weighted": 0.53125,
          "f1_weighted": 0.36862244897959184,
          "roc_auc": 0.17647058823529413
        },
        "test": {
          "accuracy": 0.5,
          "balanced_accuracy": 0.5,
          "mcc": 0.0,
          "confusion_matrix": [
            [
              0,
              4
            ],
            [
              0,
              4
            ]
          ],
          "precision": [
            0.0,
            0.5
          ],
          "recall": [
            0.0,
            1.0
          ],
          "f1": [
            0.0,
            0.6666666666666666
          ],
          "support": [
            4,
            4
          ],
          "precision_macro": 0.25,
          "recall_macro": 0.5,
          "f1_macro": 0.3333333333333333,
          "precision_weighted": 0.25,
          "recall_weighted": 0.5,
          "f1_weighted": 0.3333333333333333,
          "roc_auc": 0.0625
        }
      },
      {
        "fold": 5,
        "n_train": 32,
        "n_test": 8,
        "train": {
          "accuracy": 0.53125,
          "balanced_accuracy": 0.5,
          "mcc": 0.0,
          "confusion_matrix": [
            [
              0,
              15
            ],
            [
              0,
              17
            ]
          ],
          "precision": [
            0.0,
            0.53125
          ],