{
  "granularity": "voxel-wise",
  "cross_validation": {
    "n_folds": 5,
    "fold_results": [
      {
        "fold": 1,
        "n_train": 32,
        "n_test": 8,
        "train": {
          "accuracy": 0.75,
          "balanced_accuracy": 0.75,
          "mcc": 0.5163977794943222,
          "confusion_matrix": [
            [
              14,
              2
            ],
            [
              6,
              10
            ]
          ],
          "precision": [
            0.7,
            0.8333333333333334
          ],
          "recall": [
            0.875,
            0.625
          ],
          "f1": [
            0.7777777777777778,
            0.7142857142857143
          ],
          "support": [
            16,
            16
          ],
          "precision_macro": 0.7666666666666666,
          "recall_macro": 0.75,
          "f1_macro": 0.746031746031746,
          "precision_weighted": 0.7666666666666666,
          "recall_weighted": 0.75,
          "f1_weighted": 0.746031746031746,
          "roc_auc": 0.828125
        },
        "test": {
          "accuracy": 0.5,
          "balanced_accuracy": 0.5333333333333333,
          "mcc": 0.06666666666666667,
          "confusion_matrix": [
            [
              2,
              1
            ],
            [
              3,
              2
            ]
          ],
          "precision": [
            0.4,
            0.6666666666666666
          ],
          "recall": [
            0.6666666666666666,
            0.4
          ],
          "f1": [
            0.5,
            0.5
          ],
          "support": [
            3,
            5
          ],
          "precision_macro": 0.5333333333333333,
          "recall_macro": 0.5333333333333333,
          "f1_macro": 0.5,
          "precision_weighted": 0.5666666666666667,
          "recall_weighted": 0.5,
          "f1_weighted": 0.5,
          "roc_auc": 0.6000000000000001
        }
      },
      {
        "fold": 2,
        "n_train": 32,
        "n_test": 8,
        "train": {
          "accuracy": 0.65625,
          "balanced_accuracy": 0.6450980392156862,
          "mcc": 0.3124282448813543,
          "confusion_matrix": [
            [
              7,
              8
            ],
            [
              3,
              14
            ]
          ],
          "precision": [
            0.7,
            0.6363636363636364
          ],
          "recall": [
            0.4666666666666667,
            0.8235294117647058
          ],
          "f1": [
            0.56,
            0.717948717948718
          ],
          "support": [
            15,
            17
          ],
          "precision_macro": 0.6681818181818182,
          "recall_macro": 0.6450980392156862,
          "f1_macro": 0.6389743589743591,
          "precision_weighted": 0.6661931818181819,
          "recall_weighted": 0.65625,
          "f1_weighted": 0.6439102564102563,
          "roc_auc": 0.7803921568627451
        },
        "test": {
          "accuracy": 0.75,
          "balanced_accuracy": 0.75,
          "mcc": 0.5,
          "confusion_matrix": [
            [
              3,
              1
            ],
            [
              1,
              3
            ]
          ],
          "precision": [
            0.75,
            0.75
          ],
          "recall": [
            0.75,
            0.75
          ],
          "f1": [
            0.75,
            0.75
          ],
          "support": [
            4,
            4
          ],
          "precision_macro": 0.75,
          "recall_macro": 0.75,
          "f1_macro": 0.75,
          "precision_weighted": 0.75,
          "recall_weighted": 0.75,
          "f1_weighted": 0.75,
          "roc_auc": 0.8125
        }
      },
      {
        "fold": 3,
        "n_train": 32,
        "n_test": 8,
        "train": {
          "accuracy": 0.84375,
          "balanced_accuracy": 0.8372549019607842,
          "mcc": 0.6952687917708212,
          "confusion_matrix": [
            [
              11,
              4
            ],
            [
              1,
              16
            ]
          ],
          "precision": [
            0.9166666666666666,
            0.8
          ],
          "recall": [
            0.7333333333333333,
            0.9411764705882353
          ],
          "f1": [
            0.8148148148148148,
            0.8648648648648649
          ],
          "support": [
            15,
            17
          ],
          "precision_macro": 0.8583333333333334,
          "recall_macro": 0.8372549019607842,
          "f1_macro": 0.8398398398398399,
          "precision_weighted": 0.8546875,
          "recall_weighted": 0.84375,
          "f1_weighted": 0.8414039039039038,
          "roc_auc": 0.8823529411764706
        },
        "test": {
          "accuracy": 0.375,
          "balanced_accuracy": 0.375,
          "mcc": -0.2581988897471611,
          "confusion_matrix": [
            [
              1,
              3
            ],
            [
              2,
              2
            ]
          ],
          "precision": [
            0.3333333333333333,
            0.4
          ],
          "recall": [
            0.25,
            0.5
          ],
          "f1": [
            0.2857142857142857,
            0.4444444444444444
          ],
          "support": [
            4,
            4
          ],
          "precision_macro": 0.3666666666666667,
          "recall_macro": 0.375,
          "f1_macro": 0.36507936507936506,
          "precision_weighted": 0.3666666666666667,
          "recall_weighted": 0.375,
          "f1_weighted": 0.36507936507936506,
          "roc_auc": 0.625
        }
      },
      {
        "fold": 4,
        "n_train": 32,
        "n_test": 8,
        "train": {
          "accuracy": 0.78125,
          "balanced_accuracy": 0.7705882352941176,
          "mcc": 0.5826364566706337,
          "confusion_matrix": [
            [
              9,
              6
            ],
            [
              1,
              16
            ]
          ],
          "precision": [
            0.9,
            0.7272727272727273
          ],
          "recall": [
            0.6,
            0.9411764705882353
          ],
          "f1": [
            0.72,
            0.8205128205128205
          ],
          "support": [
            15,
            17
          ],
          "precision_macro": 0.8136363636363637,
          "recall_macro": 0.7705882352941176,
          "f1_macro": 0.7702564102564102,
          "precision_weighted": 0.8082386363636364,
          "recall_weighted": 0.78125,
          "f1_weighted": 0.7733974358974358,
          "roc_auc": 0.8470588235294118
        },
        "test": {
          "accuracy": 0.5,
          "balanced_accuracy": 0.5,
          "mcc": 0.0,
          "confusion_matrix": [
            [
              1,
              3
            ],
            [
              1,
              3
            ]
          ],
          "precision": [
            0.5,
            0.5
          ],
          "recall": [
            0.25,
            0.75
          ],
          "f1": [
            0.3333333333333333,
            0.6
          ],
          "support": [
            4,
            4
          ],
          "precision_macro": 0.5,
          "recall_macro": 0.5,
          "f1_macro": 0.4666666666666667,
          "precision_weighted": 0.5,
          "recall_weighted": 0.5,
          "f1_weighted": 0.4666666666666667,
          "roc_auc": 0.75
        }
      },
      {
        "fold": 5,
        "n_train": 32,
        "n_test": 8,
        "train": {
          "accuracy": 0.75,
          "balanced_accuracy": 0.7490196078431373,
          "mcc": 0.4980392156862745,
          "confusion_matrix": [
            [
              11,
              4
            ],
            [
              4,
              13
            ]
          ],