{
  "granularity": "voxel-wise",
  "cross_validation": {
    "n_folds": 5,
    "fold_results": [
      {
        "fold": 1,
        "n_train": 32,
        "n_test": 8,
        "train": {
          "accuracy": 0.5,
          "balanced_accuracy": 0.5,
          "mcc": 0.0,
          "confusion_matrix": [
            [
              16,
              0
            ],
            [
              16,
              0
            ]
          ],
          "precision": [
            0.5,
            0.0
          ],
          "recall": [
            1.0,
            0.0
          ],
          "f1": [
            0.6666666666666666,
            0.0
          ],
          "support": [
            16,
            16
          ],
          "precision_macro": 0.25,
          "recall_macro": 0.5,
          "f1_macro": 0.3333333333333333,
          "precision_weighted": 0.25,
          "recall_weighted": 0.5,
          "f1_weighted": 0.3333333333333333,
          "roc_auc": 0.580078125
        },
        "test": {
          "accuracy": 0.375,
          "balanced_accuracy": 0.5,
          "mcc": 0.0,
          "confusion_matrix": [
            [
              3,
              0
            ],
            [
              5,
              0
            ]
          ],
          "precision": [
            0.375,
            0.0
          ],
          "recall": [
            1.0,
            0.0
          ],
          "f1": [
            0.5454545454545454,
            0.0
          ],
          "support": [
            3,
            5
          ],
          "precision_macro": 0.1875,
          "recall_macro": 0.5,
          "f1_macro": 0.2727272727272727,
          "precision_weighted": 0.140625,
          "recall_weighted": 0.375,
          "f1_weighted": 0.20454545454545453,
          "roc_auc": 0.5666666666666667
        }
      },
      {
        "fold": 2,
        "n_train": 32,
        "n_test": 8,
        "train": {
          "accuracy": 0.53125,
          "balanced_accuracy": 0.5,
          "mcc": 0.0,
          "confusion_matrix": [
            [
              0,
              15
            ],
            [
              0,
              17
            ]
          ],
          "precision": [
            0.0,
            0.53125
          ],
          "recall": [
            0.0,
            1.0
          ],
          "f1": [
            0.0,
            0.6938775510204082
          ],
          "support": [
            15,
            17
          ],
          "precision_macro": 0.265625,
          "recall_macro": 0.5,
          "f1_macro": 0.3469387755102041,
          "precision_weighted": 0.2822265625,
          "recall_weighted": 0.53125,
          "f1_weighted": 0.36862244897959184,
          "roc_auc": 0.5
        },
        "test": {
          "accuracy": 0.5,
          "balanced_accuracy": 0.5,
          "mcc": 0.0,
          "confusion_matrix": [
            [
              0,
              4
            ],
            [
              0,
              4
            ]
          ],
          "precision": [
            0.0,
            0.5
          ],
          "recall": [
            0.0,
            1.0
          ],
          "f1": [
            0.0,
            0.6666666666666666
          ],
          "support": [
            4,
            4
          ],
          "precision_macro": 0.25,
          "recall_macro": 0.5,
          "f1_macro": 0.3333333333333333,
          "precision_weighted": 0.25,
          "recall_weighted": 0.5,
          "f1_weighted": 0.3333333333333333,
          "roc_auc": 0.5
        }
      },
      {
        "fold": 3,
        "n_train": 32,
        "n_test": 8,
        "train": {
          "accuracy": 0.53125,
          "balanced_accuracy": 0.5,
          "mcc": 0.0,
          "confusion_matrix": [
            [
              0,
              15
            ],
            [
              0,
              17
            ]
          ],
          "precision": [
            0.0,
            0.53125
          ],
          "recall": [
            0.0,
            1.0
          ],
          "f1": [
            0.0,
            0.6938775510204082
          ],
          "support": [
            15,
            17
          ],
          "precision_macro": 0.265625,
          "recall_macro": 0.5,
          "f1_macro": 0.3469387755102041,
          "precision_weighted": 0.2822265625,
          "recall_weighted": 0.53125,
          "f1_weighted": 0.36862244897959184,
          "roc_auc": 0.5
        },
        "test": {
          "accuracy": 0.5,
          "balanced_accuracy": 0.5,
          "mcc": 0.0,
          "confusion_matrix": [
            [
              0,
              4
            ],
            [
              0,
              4
            ]
          ],
          "precision": [
            0.0,
            0.5
          ],
          "recall": [
            0.0,
            1.0
          ],
          "f1": [
            0.0,
            0.6666666666666666
          ],
          "support": [
            4,
            4
          ],
          "precision_macro": 0.25,
          "recall_macro": 0.5,
          "f1_macro": 0.3333333333333333,
          "precision_weighted": 0.25,
          "recall_weighted": 0.5,
          "f1_weighted": 0.3333333333333333,
          "roc_auc": 0.5
        }
      },
      {
        "fold": 4,
        "n_train": 32,
        "n_test": 8,
        "train": {
          "accuracy": 0.53125,
          "balanced_accuracy": 0.5,
          "mcc": 0.0,
          "confusion_matrix": [
            [
              0,
              15
            ],
            [
              0,
              17
            ]
          ],
          "precision": [
            0.0,
            0.53125
          ],
          "recall": [
            0.0,
            1.0
          ],
          "f1": [
            0.0,
            0.6938775510204082
          ],
          "support": [
            15,
            17
          ],
          "precision_macro": 0.265625,
          "recall_macro": 0.5,
          "f1_macro": 0.3469387755102041,
          "precision_weighted": 0.2822265625,
          "recall_weighted": 0.53125,
          "f1_weighted": 0.36862244897959184,
          "roc_auc": 0.5
        },
        "test": {
          "accuracy": 0.5,
          "balanced_accuracy": 0.5,
          "mcc": 0.0,
          "confusion_matrix": [
            [
              0,
              4
            ],
            [
              0,
              4
            ]
          ],
          "precision": [
            0.0,
            0.5
          ],
          "recall": [
            0.0,
            1.0
          ],
          "f1": [
            0.0,
            0.6666666666666666
          ],
          "support": [
            4,
            4
          ],
          "precision_macro": 0.25,
          "recall_macro": 0.5,
          "f1_macro": 0.3333333333333333,
          "precision_weighted": 0.25,
          "recall_weighted": 0.5,
          "f1_weighted": 0.3333333333333333,
          "roc_auc": 0.5
        }
      },
      {
        "fold": 5,
        "n_train": 32,
        "n_test": 8,
        "train": {
          "accuracy": 0.53125,
          "balanced_accuracy": 0.5,
          "mcc": 0.0,
          "confusion_matrix": [
            [
              0,
              15
            ],
            [
              0,
              17
            ]
          ],
          "precision": [
            0.0,
            0.53125
          ],
          "recall": [
            0.0,
            1.0
          ],
          "f1": [
            0.0,
            0.6938775510204082
          ],
          "support": [
            15,
            17
          ],
          "precision_macro": 0.265625,
          "recall_macro": 0.5,
          "f1_macro": 0.3469387755102041,
          "precision_weighted": 0.2822265625,
          "recall_weighted": 0.53125,
          "f1_weighted": 0.36862244897959184,
          "roc_auc": 0.5
        },