{
  "granularity": "voxel-wise",
  "cross_validation": {
    "n_folds": 5,
    "fold_results": [
      {
        "fold": 1,
        "n_train": 32,
        "n_test": 8,
        "train": {
          "accuracy": 1.0,
          "balanced_accuracy": 1.0,
          "mcc": 1.0,
          "confusion_matrix": [
            [
              16,
              0
            ],
            [
              0,
              16
            ]
          ],
          "precision": [
            1.0,
            1.0
          ],
          "recall": [
            1.0,
            1.0
          ],
          "f1": [
            1.0,
            1.0
          ],
          "support": [
            16,
            16
          ],
          "precision_macro": 1.0,
          "recall_macro": 1.0,
          "f1_macro": 1.0,
          "precision_weighted": 1.0,
          "recall_weighted": 1.0,
          "f1_weighted": 1.0,
          "roc_auc": 1.0
        },
        "test": {
          "accuracy": 0.625,
          "balanced_accuracy": 0.6333333333333333,
          "mcc": 0.2581988897471611,
          "confusion_matrix": [
            [
              2,
              1
            ],
            [
              2,
              3
            ]
          ],
          "precision": [
            0.5,
            0.75
          ],
          "recall": [
            0.6666666666666666,
            0.6
          ],
          "f1": [
            0.5714285714285714,
            0.6666666666666666
          ],
          "support": [
            3,
            5
          ],
          "precision_macro": 0.625,
          "recall_macro": 0.6333333333333333,
          "f1_macro": 0.6190476190476191,
          "precision_weighted": 0.65625,
          "recall_weighted": 0.625,
          "f1_weighted": 0.6309523809523809,
          "roc_auc": 0.6666666666666667
        }
      },
      {
        "fold": 2,
        "n_train": 32,
        "n_test": 8,
        "train": {
          "accuracy": 1.0,
          "balanced_accuracy": 1.0,
          "mcc": 1.0,
          "confusion_matrix": [
            [
              15,
              0
            ],
            [
              0,
              17
            ]
          ],
          "precision": [
            1.0,
            1.0
          ],
          "recall": [
            1.0,
            1.0
          ],
          "f1": [
            1.0,
            1.0
          ],
          "support": [
            15,
            17
          ],
          "precision_macro": 1.0,
          "recall_macro": 1.0,
          "f1_macro": 1.0,
          "precision_weighted": 1.0,
          "recall_weighted": 1.0,
          "f1_weighted": 1.0,
          "roc_auc": 1.0
        },
        "test": {
          "accuracy": 0.75,
          "balanced_accuracy": 0.75,
          "mcc": 0.5773502691896258,
          "confusion_matrix": [
            [
              2,
              2
            ],
            [
              0,
              4
            ]
          ],
          "precision": [
            1.0,
            0.6666666666666666
          ],
          "recall": [
            0.5,
            1.0
          ],
          "f1": [
            0.6666666666666666,
            0.8
          ],
          "support": [
            4,
            4
          ],
          "precision_macro": 0.8333333333333333,
          "recall_macro": 0.75,
          "f1_macro": 0.7333333333333334,
          "precision_weighted": 0.8333333333333333,
          "recall_weighted": 0.75,
          "f1_weighted": 0.7333333333333334,
          "roc_auc": 0.875
        }
      },
      {
        "fold": 3,
        "n_train": 32,
        "n_test": 8,
        "train": {
          "accuracy": 1.0,
          "balanced_accuracy": 1.0,
          "mcc": 1.0,
          "confusion_matrix": [
            [
              15,
              0
            ],
            [
              0,
              17
            ]
          ],
          "precision": [
            1.0,
            1.0
          ],
          "recall": [
            1.0,
            1.0
          ],
          "f1": [
            1.0,
            1.0
          ],
          "support": [
            15,
            17
          ],
          "precision_macro": 1.0,
          "recall_macro": 1.0,
          "f1_macro": 1.0,
          "precision_weighted": 1.0,
          "recall_weighted": 1.0,
          "f1_weighted": 1.0,
          "roc_auc": 1.0
        },
        "test": {
          "accuracy": 0.5,
          "balanced_accuracy": 0.5,
          "mcc": 0.0,
          "confusion_matrix": [
            [
              0,
              4
            ],
            [
              0,
              4
            ]
          ],
          "precision": [
            0.0,
            0.5
          ],
          "recall": [
            0.0,
            1.0
          ],
          "f1": [
            0.0,
            0.6666666666666666
          ],
          "support": [
            4,
            4
          ],
          "precision_macro": 0.25,
          "recall_macro": 0.5,
          "f1_macro": 0.3333333333333333,
          "precision_weighted": 0.25,
          "recall_weighted": 0.5,
          "f1_weighted": 0.3333333333333333,
          "roc_auc": 0.9375
        }
      },
      {
        "fold": 4,
        "n_train": 32,
        "n_test": 8,
        "train": {
          "accuracy": 1.0,
          "balanced_accuracy": 1.0,
          "mcc": 1.0,
          "confusion_matrix": [
            [
              15,
              0
            ],
            [
              0,
              17
            ]
          ],
          "precision": [
            1.0,
            1.0
          ],
          "recall": [
            1.0,
            1.0
          ],
          "f1": [
            1.0,
            1.0
          ],
          "support": [
            15,
            17
          ],
          "precision_macro": 1.0,
          "recall_macro": 1.0,
          "f1_macro": 1.0,
          "precision_weighted": 1.0,
          "recall_weighted": 1.0,
          "f1_weighted": 1.0,
          "roc_auc": 1.0
        },
        "test": {
          "accuracy": 0.625,
          "balanced_accuracy": 0.625,
          "mcc": 0.2581988897471611,
          "confusion_matrix": [
            [
              3,
              1
            ],
            [
              2,
              2
            ]
          ],
          "precision": [
            0.6,
            0.6666666666666666
          ],
          "recall": [
            0.75,
            0.5
          ],
          "f1": [
            0.6666666666666666,
            0.5714285714285714
          ],
          "support": [
            4,
            4
          ],
          "precision_macro": 0.6333333333333333,
          "recall_macro": 0.625,
          "f1_macro": 0.6190476190476191,
          "precision_weighted": 0.6333333333333333,
          "recall_weighted": 0.625,
          "f1_weighted": 0.6190476190476191,
          "roc_auc": 0.625
        }
      },
      {
        "fold": 5,
        "n_train": 32,
        "n_test": 8,
        "train": {
          "accuracy": 0.96875,
          "balanced_accuracy": 0.9666666666666667,
          "mcc": 0.938872452190116,
          "confusion_matrix": [
            [
              14,
              1
            ],
            [
              0,
              17
            ]
          ],
          "precision": [
            1.0,
            0.9444444444444444
          ],
          "recall": [
            0.9333333333333333,
            1.0
          ],
          "f1": [
            0.9655172413793104,
            0.9714285714285714
          ],
          "support": [
            15,
            17
          ],
          "precision_macro": 0.9722222222222222,
          "recall_macro": 0.9666666666666667,
          "f1_macro": 0.9684729064039409,
          "precision_weighted": 0.970486111111111,
          "recall_weighted": 0.96875,
          "f1_weighted": 0.9686576354679803,