{
  "granularity": "voxel-wise",
  "cross_validation": {
    "n_folds": 5,
    "fold_results": [
      {
        "fold": 1,
        "n_train": 268,
        "n_test": 67,
        "train": {
          "accuracy": 0.7761194029850746,
          "balanced_accuracy": 0.5371030331828621,
          "mcc": 0.1568290805880889,
          "confusion_matrix": [
            [
              6,
              55
            ],
            [
              5,
              202
            ]
          ],
          "precision": [
            0.5454545454545454,
            0.7859922178988327
          ],
          "recall": [
            0.09836065573770492,
            0.9758454106280193
          ],
          "f1": [
            0.16666666666666666,
            0.8706896551724138
          ],
          "support": [
            61,
            207
          ],
          "precision_macro": 0.665723381676689,
          "recall_macro": 0.5371030331828621,
          "f1_macro": 0.5186781609195402,
          "precision_weighted": 0.7312429715589016,
          "recall_weighted": 0.7761194029850746,
          "f1_weighted": 0.7104456167438669,
          "roc_auc": 0.7102241229112221
        },
        "test": {
          "accuracy": 0.7910447761194029,
          "balanced_accuracy": 0.5807692307692308,
          "mcc": 0.2562373279563565,
          "confusion_matrix": [
            [
              3,
              12
            ],
            [
              2,
              50
            ]
          ],
          "precision": [
            0.6,
            0.8064516129032258
          ],
          "recall": [
            0.2,
            0.9615384615384616
          ],
          "f1": [
            0.3,
            0.8771929824561403
          ],
          "support": [
            15,
            52
          ],
          "precision_macro": 0.7032258064516128,
          "recall_macro": 0.5807692307692308,
          "f1_macro": 0.5885964912280701,
          "precision_weighted": 0.7602311025517573,
          "recall_weighted": 0.7910447761194029,
          "f1_weighted": 0.7479706729510343,
          "roc_auc": 0.7474358974358976
        }
      },
      {
        "fold": 2,
        "n_train": 268,
        "n_test": 67,
        "train": {
          "accuracy": 0.7798507462686567,
          "balanced_accuracy": 0.5510810168686149,
          "mcc": 0.19251241579833,
          "confusion_matrix": [
            [
              8,
              53
            ],
            [
              6,
              201
            ]
          ],
          "precision": [
            0.5714285714285714,
            0.7913385826771654
          ],
          "recall": [
            0.13114754098360656,
            0.9710144927536232
          ],
          "f1": [
            0.21333333333333335,
            0.8720173535791758
          ],
          "support": [
            61,
            207
          ],
          "precision_macro": 0.6813835770528684,
          "recall_macro": 0.5510810168686149,
          "f1_macro": 0.5426753434562546,
          "precision_weighted": 0.7412844383258064,
          "recall_weighted": 0.7798507462686567,
          "f1_weighted": 0.7220930056873981,
          "roc_auc": 0.7389720440326285
        },
        "test": {
          "accuracy": 0.7611940298507462,
          "balanced_accuracy": 0.5141025641025642,
          "mcc": 0.05684925335338721,
          "confusion_matrix": [
            [
              1,
              14
            ],
            [
              2,
              50
            ]
          ],
          "precision": [
            0.3333333333333333,
            0.78125
          ],
          "recall": [
            0.06666666666666667,
            0.9615384615384616
          ],
          "f1": [
            0.1111111111111111,
            0.8620689655172413
          ],
          "support": [
            15,
            52
          ],
          "precision_macro": 0.5572916666666666,
          "recall_macro": 0.5141025641025642,
          "f1_macro": 0.48659003831417624,
          "precision_weighted": 0.6809701492537313,
          "recall_weighted": 0.7611940298507462,
          "f1_weighted": 0.6939440727397495,
          "roc_auc": 0.596153846153846
        }
      },
      {
        "fold": 3,
        "n_train": 268,
        "n_test": 67,
        "train": {
          "accuracy": 0.7798507462686567,
          "balanced_accuracy": 0.5510810168686149,
          "mcc": 0.19251241579833,
          "confusion_matrix": [
            [
              8,
              53
            ],
            [
              6,
              201
            ]
          ],
          "precision": [
            0.5714285714285714,
            0.7913385826771654
          ],
          "recall": [
            0.13114754098360656,
            0.9710144927536232
          ],
          "f1": [
            0.21333333333333335,
            0.8720173535791758
          ],
          "support": [
            61,
            207
          ],
          "precision_macro": 0.6813835770528684,
          "recall_macro": 0.5510810168686149,
          "f1_macro": 0.5426753434562546,
          "precision_weighted": 0.7412844383258064,
          "recall_weighted": 0.7798507462686567,
          "f1_weighted": 0.7220930056873981,
          "roc_auc": 0.7163221667854598
        },
        "test": {
          "accuracy": 0.7611940298507462,
          "balanced_accuracy": 0.5378205128205128,
          "mcc": 0.11998414563035742,
          "confusion_matrix": [
            [
              2,
              13
            ],
            [
              3,
              49
            ]
          ],
          "precision": [
            0.4,
            0.7903225806451613
          ],
          "recall": [
            0.13333333333333333,
            0.9423076923076923
          ],
          "f1": [
            0.2,
            0.8596491228070176
          ],
          "support": [
            15,
            52
          ],
          "precision_macro": 0.5951612903225807,
          "recall_macro": 0.5378205128205128,
          "f1_macro": 0.5298245614035088,
          "precision_weighted": 0.7029369282619162,
          "recall_weighted": 0.7611940298507462,
          "f1_weighted": 0.7119664833726106,
          "roc_auc": 0.6717948717948719
        }
      },
      {
        "fold": 4,
        "n_train": 268,
        "n_test": 67,
        "train": {
          "accuracy": 0.7723880597014925,
          "balanced_accuracy": 0.5404688366199414,
          "mcc": 0.15251758833014983,
          "confusion_matrix": [
            [
              7,
              54
            ],
            [
              7,
              200
            ]
          ],
          "precision": [
            0.5,
            0.7874015748031497
          ],
          "recall": [
            0.11475409836065574,
            0.966183574879227
          ],
          "f1": [
            0.18666666666666668,
            0.8676789587852495
          ],
          "support": [
            61,
            207
          ],
          "precision_macro": 0.6437007874015748,
          "recall_macro": 0.5404688366199414,
          "f1_macro": 0.5271728127259581,
          "precision_weighted": 0.7219855447173581,
          "recall_weighted": 0.7723880597014925,
          "f1_weighted": 0.7126724296090048,
          "roc_auc": 0.6877326364140335
        },
        "test": {
          "accuracy": 0.8059701492537313,
          "balanced_accuracy": 0.5666666666666667,
          "mcc": 0.32659863237109044,
          "confusion_matrix": [
            [
              2,
              13
            ],
            [
              0,
              52
            ]
          ],
          "precision": [
            1.0,
            0.8
          ],
          "recall": [
            0.13333333333333333,
            1.0
          ],
          "f1": [
            0.23529411764705882,
            0.8888888888888888
          ],