{
  "granularity": "voxel-wise",
  "cross_validation": {
    "n_folds": 5,
    "fold_results": [
      {
        "fold": 1,
        "n_train": 268,
        "n_test": 67,
        "train": {
          "accuracy": 0.8283582089552238,
          "balanced_accuracy": 0.6923259681634593,
          "mcc": 0.45737030938145584,
          "confusion_matrix": [
            [
              27,
              34
            ],
            [
              12,
              195
            ]
          ],
          "precision": [
            0.6923076923076923,
            0.851528384279476
          ],
          "recall": [
            0.4426229508196721,
            0.9420289855072463
          ],
          "f1": [
            0.54,
            0.8944954128440367
          ],
          "support": [
            61,
            207
          ],
          "precision_macro": 0.7719180382935842,
          "recall_macro": 0.6923259681634593,
          "f1_macro": 0.7172477064220184,
          "precision_weighted": 0.8152878536441073,
          "recall_weighted": 0.8283582089552238,
          "f1_weighted": 0.813808024099685,
          "roc_auc": 0.7969430585253819
        },
        "test": {
          "accuracy": 0.8656716417910447,
          "balanced_accuracy": 0.7711538461538461,
          "mcc": 0.589550617054999,
          "confusion_matrix": [
            [
              9,
              6
            ],
            [
              3,
              49
            ]
          ],
          "precision": [
            0.75,
            0.8909090909090909
          ],
          "recall": [
            0.6,
            0.9423076923076923
          ],
          "f1": [
            0.6666666666666666,
            0.9158878504672897
          ],
          "support": [
            15,
            52
          ],
          "precision_macro": 0.8204545454545454,
          "recall_macro": 0.7711538461538461,
          "f1_macro": 0.7912772585669782,
          "precision_weighted": 0.8593622795115332,
          "recall_weighted": 0.8656716417910447,
          "f1_weighted": 0.8600920630492398,
          "roc_auc": 0.7743589743589743
        }
      },
      {
        "fold": 2,
        "n_train": 268,
        "n_test": 67,
        "train": {
          "accuracy": 0.8208955223880597,
          "balanced_accuracy": 0.6874950502890631,
          "mcc": 0.43678230531061085,
          "confusion_matrix": [
            [
              27,
              34
            ],
            [
              14,
              193
            ]
          ],
          "precision": [
            0.6585365853658537,
            0.8502202643171806
          ],
          "recall": [
            0.4426229508196721,
            0.9323671497584541
          ],
          "f1": [
            0.5294117647058824,
            0.8894009216589862
          ],
          "support": [
            61,
            207
          ],
          "precision_macro": 0.7543784248415171,
          "recall_macro": 0.6874950502890631,
          "f1_macro": 0.7094063431824342,
          "precision_weighted": 0.8065907702275129,
          "recall_weighted": 0.8208955223880597,
          "f1_weighted": 0.8074630911584663,
          "roc_auc": 0.7422982497822126
        },
        "test": {
          "accuracy": 0.7910447761194029,
          "balanced_accuracy": 0.6044871794871794,
          "mcc": 0.2847840473094545,
          "confusion_matrix": [
            [
              4,
              11
            ],
            [
              3,
              49
            ]
          ],
          "precision": [
            0.5714285714285714,
            0.8166666666666667
          ],
          "recall": [
            0.26666666666666666,
            0.9423076923076923
          ],
          "f1": [
            0.36363636363636365,
            0.875
          ],
          "support": [
            15,
            52
          ],
          "precision_macro": 0.694047619047619,
          "recall_macro": 0.6044871794871794,
          "f1_macro": 0.6193181818181819,
          "precision_weighted": 0.7617626154939587,
          "recall_weighted": 0.7910447761194029,
          "f1_weighted": 0.7605156037991859,
          "roc_auc": 0.7538461538461538
        }
      },
      {
        "fold": 3,
        "n_train": 268,
        "n_test": 67,
        "train": {
          "accuracy": 0.8059701492537313,
          "balanced_accuracy": 0.6431456402946067,
          "mcc": 0.3653148363211718,
          "confusion_matrix": [
            [
              21,
              40
            ],
            [
              12,
              195
            ]
          ],
          "precision": [
            0.6363636363636364,
            0.8297872340425532
          ],
          "recall": [
            0.3442622950819672,
            0.9420289855072463
          ],
          "f1": [
            0.44680851063829785,
            0.8823529411764706
          ],
          "support": [
            61,
            207
          ],
          "precision_macro": 0.7330754352030948,
          "recall_macro": 0.6431456402946067,
          "f1_macro": 0.6645807259073842,
          "precision_weighted": 0.785761713675337,
          "recall_weighted": 0.8059701492537313,
          "f1_weighted": 0.7832178282554686,
          "roc_auc": 0.7699374356537578
        },
        "test": {
          "accuracy": 0.8059701492537313,
          "balanced_accuracy": 0.6378205128205128,
          "mcc": 0.3543399823903344,
          "confusion_matrix": [
            [
              5,
              10
            ],
            [
              3,
              49
            ]
          ],
          "precision": [
            0.625,
            0.8305084745762712
          ],
          "recall": [
            0.3333333333333333,
            0.9423076923076923
          ],
          "f1": [
            0.43478260869565216,
            0.8828828828828829
          ],
          "support": [
            15,
            52
          ],
          "precision_macro": 0.7277542372881356,
          "recall_macro": 0.6378205128205128,
          "f1_macro": 0.6588327457892675,
          "precision_weighted": 0.784499114596509,
          "recall_weighted": 0.8059701492537313,
          "f1_weighted": 0.7825619259752938,
          "roc_auc": 0.5923076923076922
        }
      },
      {
        "fold": 4,
        "n_train": 268,
        "n_test": 67,
        "train": {
          "accuracy": 0.7985074626865671,
          "balanced_accuracy": 0.6383147224202107,
          "mcc": 0.3442203269059708,
          "confusion_matrix": [
            [
              21,
              40
            ],
            [
              14,
              193
            ]
          ],
          "precision": [
            0.6,
            0.8283261802575107
          ],
          "recall": [
            0.3442622950819672,
            0.9323671497584541
          ],
          "f1": [
            0.4375,
            0.8772727272727273
          ],
          "support": [
            61,
            207
          ],
          "precision_macro": 0.7141630901287553,
          "recall_macro": 0.6383147224202107,
          "f1_macro": 0.6573863636363637,
          "precision_weighted": 0.7763564153481519,
          "recall_weighted": 0.7985074626865671,
          "f1_weighted": 0.7771752035278154,
          "roc_auc": 0.7207571077849053
        },
        "test": {
          "accuracy": 0.8507462686567164,
          "balanced_accuracy": 0.7141025641025641,
          "mcc": 0.5234363922620182,
          "confusion_matrix": [
            [
              7,
              8
            ],
            [
              2,
              50
            ]
          ],
          "precision": [
            0.7777777777777778,
            0.8620689655172413
          ],
          "recall": [
            0.4666666666666667,
            0.9615384615384616
          ],