{
  "granularity": "voxel-wise",
  "cross_validation": {
    "n_folds": 5,
    "fold_results": [
      {
        "fold": 1,
        "n_train": 32,
        "n_test": 8,
        "train": {
          "accuracy": 0.6875,
          "balanced_accuracy": 0.6875,
          "mcc": 0.3872983346207417,
          "confusion_matrix": [
            [
              9,
              7
            ],
            [
              3,
              13
            ]
          ],
          "precision": [
            0.75,
            0.65
          ],
          "recall": [
            0.5625,
            0.8125
          ],
          "f1": [
            0.6428571428571429,
            0.7222222222222222
          ],
          "support": [
            16,
            16
          ],
          "precision_macro": 0.7,
          "recall_macro": 0.6875,
          "f1_macro": 0.6825396825396826,
          "precision_weighted": 0.7,
          "recall_weighted": 0.6875,
          "f1_weighted": 0.6825396825396826,
          "roc_auc": 0.68359375
        },
        "test": {
          "accuracy": 0.75,
          "balanced_accuracy": 0.8,
          "mcc": 0.6,
          "confusion_matrix": [
            [
              3,
              0
            ],
            [
              2,
              3
            ]
          ],
          "precision": [
            0.6,
            1.0
          ],
          "recall": [
            1.0,
            0.6
          ],
          "f1": [
            0.75,
            0.75
          ],
          "support": [
            3,
            5
          ],
          "precision_macro": 0.8,
          "recall_macro": 0.8,
          "f1_macro": 0.75,
          "precision_weighted": 0.85,
          "recall_weighted": 0.75,
          "f1_weighted": 0.75,
          "roc_auc": 1.0
        }
      },
      {
        "fold": 2,
        "n_train": 32,
        "n_test": 8,
        "train": {
          "accuracy": 0.75,
          "balanced_accuracy": 0.7372549019607844,
          "mcc": 0.5266597241998389,
          "confusion_matrix": [
            [
              8,
              7
            ],
            [
              1,
              16
            ]
          ],
          "precision": [
            0.8888888888888888,
            0.6956521739130435
          ],
          "recall": [
            0.5333333333333333,
            0.9411764705882353
          ],
          "f1": [
            0.6666666666666666,
            0.8
          ],
          "support": [
            15,
            17
          ],
          "precision_macro": 0.7922705314009661,
          "recall_macro": 0.7372549019607844,
          "f1_macro": 0.7333333333333334,
          "precision_weighted": 0.786231884057971,
          "recall_weighted": 0.75,
          "f1_weighted": 0.7375,
          "roc_auc": 0.8196078431372549
        },
        "test": {
          "accuracy": 0.5,
          "balanced_accuracy": 0.5,
          "mcc": 0.0,
          "confusion_matrix": [
            [
              0,
              4
            ],
            [
              0,
              4
            ]
          ],
          "precision": [
            0.0,
            0.5
          ],
          "recall": [
            0.0,
            1.0
          ],
          "f1": [
            0.0,
            0.6666666666666666
          ],
          "support": [
            4,
            4
          ],
          "precision_macro": 0.25,
          "recall_macro": 0.5,
          "f1_macro": 0.3333333333333333,
          "precision_weighted": 0.25,
          "recall_weighted": 0.5,
          "f1_weighted": 0.3333333333333333,
          "roc_auc": 0.625
        }
      },
      {
        "fold": 3,
        "n_train": 32,
        "n_test": 8,
        "train": {
          "accuracy": 0.6875,
          "balanced_accuracy": 0.6666666666666666,
          "mcc": 0.4581228472908512,
          "confusion_matrix": [
            [
              5,
              10
            ],
            [
              0,
              17
            ]
          ],
          "precision": [
            1.0,
            0.6296296296296297
          ],
          "recall": [
            0.3333333333333333,
            1.0
          ],
          "f1": [
            0.5,
            0.7727272727272727
          ],
          "support": [
            15,
            17
          ],
          "precision_macro": 0.8148148148148149,
          "recall_macro": 0.6666666666666666,
          "f1_macro": 0.6363636363636364,
          "precision_weighted": 0.8032407407407407,
          "recall_weighted": 0.6875,
          "f1_weighted": 0.6448863636363636,
          "roc_auc": 0.7607843137254903
        },
        "test": {
          "accuracy": 0.625,
          "balanced_accuracy": 0.625,
          "mcc": 0.3779644730092272,
          "confusion_matrix": [
            [
              1,
              3
            ],
            [
              0,
              4
            ]
          ],
          "precision": [
            1.0,
            0.5714285714285714
          ],
          "recall": [
            0.25,
            1.0
          ],
          "f1": [
            0.4,
            0.7272727272727273
          ],
          "support": [
            4,
            4
          ],
          "precision_macro": 0.7857142857142857,
          "recall_macro": 0.625,
          "f1_macro": 0.5636363636363637,
          "precision_weighted": 0.7857142857142857,
          "recall_weighted": 0.625,
          "f1_weighted": 0.5636363636363637,
          "roc_auc": 0.5
        }
      },
      {
        "fold": 4,
        "n_train": 32,
        "n_test": 8,
        "train": {
          "accuracy": 0.53125,
          "balanced_accuracy": 0.5,
          "mcc": 0.0,
          "confusion_matrix": [
            [
              0,
              15
            ],
            [
              0,
              17
            ]
          ],
          "precision": [
            0.0,
            0.53125
          ],
          "recall": [
            0.0,
            1.0
          ],
          "f1": [
            0.0,
            0.6938775510204082
          ],
          "support": [
            15,
            17
          ],
          "precision_macro": 0.265625,
          "recall_macro": 0.5,
          "f1_macro": 0.3469387755102041,
          "precision_weighted": 0.2822265625,
          "recall_weighted": 0.53125,
          "f1_weighted": 0.36862244897959184,
          "roc_auc": 0.3647058823529412
        },
        "test": {
          "accuracy": 0.5,
          "balanced_accuracy": 0.5,
          "mcc": 0.0,
          "confusion_matrix": [
            [
              0,
              4
            ],
            [
              0,
              4
            ]
          ],
          "precision": [
            0.0,
            0.5
          ],
          "recall": [
            0.0,
            1.0
          ],
          "f1": [
            0.0,
            0.6666666666666666
          ],
          "support": [
            4,
            4
          ],
          "precision_macro": 0.25,
          "recall_macro": 0.5,
          "f1_macro": 0.3333333333333333,
          "precision_weighted": 0.25,
          "recall_weighted": 0.5,
          "f1_weighted": 0.3333333333333333,
          "roc_auc": 0.25
        }
      },
      {
        "fold": 5,
        "n_train": 32,
        "n_test": 8,
        "train": {
          "accuracy": 0.71875,
          "balanced_accuracy": 0.7,
          "mcc": 0.5114083119567587,
          "confusion_matrix": [
            [
              6,
              9
            ],
            [
              0,
              17
            ]
          ],
          "precision": [
            1.0,
            0.6538461538461539
          ],
          "recall": [
            0.4,
            1.0
          ],
          "f1": [
            0.5714285714285714,
            0.7906976744186046
          ],