{
  "granularity": "voxel-wise",
  "cross_validation": {
    "n_folds": 5,
    "fold_results": [
      {
        "fold": 1,
        "n_train": 268,
        "n_test": 67,
        "train": {
          "accuracy": 1.0,
          "balanced_accuracy": 1.0,
          "mcc": 1.0,
          "confusion_matrix": [
            [
              61,
              0
            ],
            [
              0,
              207
            ]
          ],
          "precision": [
            1.0,
            1.0
          ],
          "recall": [
            1.0,
            1.0
          ],
          "f1": [
            1.0,
            1.0
          ],
          "support": [
            61,
            207
          ],
          "precision_macro": 1.0,
          "recall_macro": 1.0,
          "f1_macro": 1.0,
          "precision_weighted": 1.0,
          "recall_weighted": 1.0,
          "f1_weighted": 1.0,
          "roc_auc": 0.9999999999999999
        },
        "test": {
          "accuracy": 0.6268656716417911,
          "balanced_accuracy": 0.7596153846153846,
          "mcc": 0.4412613040609141,
          "confusion_matrix": [
            [
              15,
              0
            ],
            [
              25,
              27
            ]
          ],
          "precision": [
            0.375,
            1.0
          ],
          "recall": [
            1.0,
            0.5192307692307693
          ],
          "f1": [
            0.5454545454545454,
            0.6835443037974683
          ],
          "support": [
            15,
            52
          ],
          "precision_macro": 0.6875,
          "recall_macro": 0.7596153846153846,
          "f1_macro": 0.6144994246260069,
          "precision_weighted": 0.8600746268656716,
          "recall_weighted": 0.6268656716417911,
          "f1_weighted": 0.652628686258008,
          "roc_auc": 0.8666666666666667
        }
      },
      {
        "fold": 2,
        "n_train": 268,
        "n_test": 67,
        "train": {
          "accuracy": 1.0,
          "balanced_accuracy": 1.0,
          "mcc": 1.0,
          "confusion_matrix": [
            [
              61,
              0
            ],
            [
              0,
              207
            ]
          ],
          "precision": [
            1.0,
            1.0
          ],
          "recall": [
            1.0,
            1.0
          ],
          "f1": [
            1.0,
            1.0
          ],
          "support": [
            61,
            207
          ],
          "precision_macro": 1.0,
          "recall_macro": 1.0,
          "f1_macro": 1.0,
          "precision_weighted": 1.0,
          "recall_weighted": 1.0,
          "f1_weighted": 1.0,
          "roc_auc": 1.0
        },
        "test": {
          "accuracy": 0.582089552238806,
          "balanced_accuracy": 0.6121794871794872,
          "mcc": 0.18706576696464738,
          "confusion_matrix": [
            [
              10,
              5
            ],
            [
              23,
              29
            ]
          ],
          "precision": [
            0.30303030303030304,
            0.8529411764705882
          ],
          "recall": [
            0.6666666666666666,
            0.5576923076923077
          ],
          "f1": [
            0.4166666666666667,
            0.6744186046511628
          ],
          "support": [
            15,
            52
          ],
          "precision_macro": 0.5779857397504456,
          "recall_macro": 0.6121794871794872,
          "f1_macro": 0.5455426356589147,
          "precision_weighted": 0.7298268018197781,
          "recall_weighted": 0.582089552238806,
          "f1_weighted": 0.6167129468934398,
          "roc_auc": 0.6711538461538462
        }
      },
      {
        "fold": 3,
        "n_train": 268,
        "n_test": 67,
        "train": {
          "accuracy": 1.0,
          "balanced_accuracy": 1.0,
          "mcc": 1.0,
          "confusion_matrix": [
            [
              61,
              0
            ],
            [
              0,
              207
            ]
          ],
          "precision": [
            1.0,
            1.0
          ],
          "recall": [
            1.0,
            1.0
          ],
          "f1": [
            1.0,
            1.0
          ],
          "support": [
            61,
            207
          ],
          "precision_macro": 1.0,
          "recall_macro": 1.0,
          "f1_macro": 1.0,
          "precision_weighted": 1.0,
          "recall_weighted": 1.0,
          "f1_weighted": 1.0,
          "roc_auc": 1.0
        },
        "test": {
          "accuracy": 0.4925373134328358,
          "balanced_accuracy": 0.601923076923077,
          "mcc": 0.177218874607065,
          "confusion_matrix": [
            [
              12,
              3
            ],
            [
              31,
              21
            ]
          ],
          "precision": [
            0.27906976744186046,
            0.875
          ],
          "recall": [
            0.8,
            0.40384615384615385
          ],
          "f1": [
            0.41379310344827586,
            0.5526315789473685
          ],
          "support": [
            15,
            52
          ],
          "precision_macro": 0.5770348837209303,
          "recall_macro": 0.601923076923077,
          "f1_macro": 0.4832123411978222,
          "precision_weighted": 0.7415827837556405,
          "recall_weighted": 0.4925373134328358,
          "f1_weighted": 0.5215483381639896,
          "roc_auc": 0.7506410256410256
        }
      },
      {
        "fold": 4,
        "n_train": 268,
        "n_test": 67,
        "train": {
          "accuracy": 1.0,
          "balanced_accuracy": 1.0,
          "mcc": 1.0,
          "confusion_matrix": [
            [
              61,
              0
            ],
            [
              0,
              207
            ]
          ],
          "precision": [
            1.0,
            1.0
          ],
          "recall": [
            1.0,
            1.0
          ],
          "f1": [
            1.0,
            1.0
          ],
          "support": [
            61,
            207
          ],
          "precision_macro": 1.0,
          "recall_macro": 1.0,
          "f1_macro": 1.0,
          "precision_weighted": 1.0,
          "recall_weighted": 1.0,
          "f1_weighted": 1.0,
          "roc_auc": 1.0
        },
        "test": {
          "accuracy": 0.29850746268656714,
          "balanced_accuracy": 0.5480769230769231,
          "mcc": 0.1525222190216408,
          "confusion_matrix": [
            [
              15,
              0
            ],
            [
              47,
              5
            ]
          ],
          "precision": [
            0.24193548387096775,
            1.0
          ],
          "recall": [
            1.0,
            0.09615384615384616
          ],
          "f1": [
            0.38961038961038963,
            0.17543859649122806
          ],
          "support": [
            15,
            52
          ],
          "precision_macro": 0.6209677419354839,
          "recall_macro": 0.5480769230769231,
          "f1_macro": 0.28252449305080884,
          "precision_weighted": 0.8302840635532017,
          "recall_weighted": 0.29850746268656714,
          "f1_weighted": 0.22338750539850305,
          "roc_auc": 0.841025641025641
        }
      },
      {
        "fold": 5,
        "n_train": 268,
        "n_test": 67,
        "train": {
          "accuracy": 1.0,
          "balanced_accuracy": 1.0,
          "mcc": 1.0,
          "confusion_matrix": [
            [
              60,
              0
            ],
            [
              0,
              208
            ]
          ],
          "precision": [
            1.0,
            1.0
          ],
          "recall": [
            1.0,
            1.0
          ],