{
  "granularity": "voxel-wise",
  "cross_validation": {
    "n_folds": 5,
    "fold_results": [
      {
        "fold": 1,
        "n_train": 268,
        "n_test": 67,
        "train": {
          "accuracy": 0.9589552238805971,
          "balanced_accuracy": 0.9098360655737705,
          "mcc": 0.88222022658729,
          "confusion_matrix": [
            [
              50,
              11
            ],
            [
              0,
              207
            ]
          ],
          "precision": [
            1.0,
            0.9495412844036697
          ],
          "recall": [
            0.819672131147541,
            1.0
          ],
          "f1": [
            0.9009009009009009,
            0.9741176470588235
          ],
          "support": [
            61,
            207
          ],
          "precision_macro": 0.9747706422018348,
          "recall_macro": 0.9098360655737705,
          "f1_macro": 0.9375092739798623,
          "precision_weighted": 0.961026290565521,
          "recall_weighted": 0.9589552238805971,
          "f1_weighted": 0.9574526414034755,
          "roc_auc": 1.0
        },
        "test": {
          "accuracy": 0.8208955223880597,
          "balanced_accuracy": 0.6948717948717948,
          "mcc": 0.43856697588964944,
          "confusion_matrix": [
            [
              7,
              8
            ],
            [
              4,
              48
            ]
          ],
          "precision": [
            0.6363636363636364,
            0.8571428571428571
          ],
          "recall": [
            0.4666666666666667,
            0.9230769230769231
          ],
          "f1": [
            0.5384615384615384,
            0.8888888888888888
          ],
          "support": [
            15,
            52
          ],
          "precision_macro": 0.7467532467532467,
          "recall_macro": 0.6948717948717948,
          "f1_macro": 0.7136752136752136,
          "precision_weighted": 0.8077146733863152,
          "recall_weighted": 0.8208955223880597,
          "f1_weighted": 0.8104350044648552,
          "roc_auc": 0.8474358974358975
        }
      },
      {
        "fold": 2,
        "n_train": 268,
        "n_test": 67,
        "train": {
          "accuracy": 0.9813432835820896,
          "balanced_accuracy": 0.959016393442623,
          "mcc": 0.9467740333434499,
          "confusion_matrix": [
            [
              56,
              5
            ],
            [
              0,
              207
            ]
          ],
          "precision": [
            1.0,
            0.9764150943396226
          ],
          "recall": [
            0.9180327868852459,
            1.0
          ],
          "f1": [
            0.9572649572649573,
            0.9880668257756563
          ],
          "support": [
            61,
            207
          ],
          "precision_macro": 0.9882075471698113,
          "recall_macro": 0.959016393442623,
          "f1_macro": 0.9726658915203068,
          "precision_weighted": 0.9817833004787382,
          "recall_weighted": 0.9813432835820896,
          "f1_weighted": 0.9810559527191165,
          "roc_auc": 1.0
        },
        "test": {
          "accuracy": 0.8208955223880597,
          "balanced_accuracy": 0.6711538461538462,
          "mcc": 0.4184356788441882,
          "confusion_matrix": [
            [
              6,
              9
            ],
            [
              3,
              49
            ]
          ],
          "precision": [
            0.6666666666666666,
            0.8448275862068966
          ],
          "recall": [
            0.4,
            0.9423076923076923
          ],
          "f1": [
            0.5,
            0.8909090909090909
          ],
          "support": [
            15,
            52
          ],
          "precision_macro": 0.7557471264367817,
          "recall_macro": 0.6711538461538462,
          "f1_macro": 0.6954545454545454,
          "precision_weighted": 0.8049408131755018,
          "recall_weighted": 0.8208955223880597,
          "f1_weighted": 0.8033921302578019,
          "roc_auc": 0.667948717948718
        }
      },
      {
        "fold": 3,
        "n_train": 268,
        "n_test": 67,
        "train": {
          "accuracy": 0.9776119402985075,
          "balanced_accuracy": 0.9508196721311475,
          "mcc": 0.9360774823029474,
          "confusion_matrix": [
            [
              55,
              6
            ],
            [
              0,
              207
            ]
          ],
          "precision": [
            1.0,
            0.971830985915493
          ],
          "recall": [
            0.9016393442622951,
            1.0
          ],
          "f1": [
            0.9482758620689655,
            0.9857142857142858
          ],
          "support": [
            61,
            207
          ],
          "precision_macro": 0.9859154929577465,
          "recall_macro": 0.9508196721311475,
          "f1_macro": 0.9669950738916256,
          "precision_weighted": 0.9782425898675635,
          "recall_weighted": 0.9776119402985075,
          "f1_weighted": 0.977192853466657,
          "roc_auc": 1.0
        },
        "test": {
          "accuracy": 0.8208955223880597,
          "balanced_accuracy": 0.6711538461538462,
          "mcc": 0.4184356788441882,
          "confusion_matrix": [
            [
              6,
              9
            ],
            [
              3,
              49
            ]
          ],
          "precision": [
            0.6666666666666666,
            0.8448275862068966
          ],
          "recall": [
            0.4,
            0.9423076923076923
          ],
          "f1": [
            0.5,
            0.8909090909090909
          ],
          "support": [
            15,
            52
          ],
          "precision_macro": 0.7557471264367817,
          "recall_macro": 0.6711538461538462,
          "f1_macro": 0.6954545454545454,
          "precision_weighted": 0.8049408131755018,
          "recall_weighted": 0.8208955223880597,
          "f1_weighted": 0.8033921302578019,
          "roc_auc": 0.7564102564102564
        }
      },
      {
        "fold": 4,
        "n_train": 268,
        "n_test": 67,
        "train": {
          "accuracy": 0.9701492537313433,
          "balanced_accuracy": 0.9344262295081966,
          "mcc": 0.9146163486361524,
          "confusion_matrix": [
            [
              53,
              8
            ],
            [
              0,
              207
            ]
          ],
          "precision": [
            1.0,
            0.9627906976744186
          ],
          "recall": [
            0.8688524590163934,
            1.0
          ],
          "f1": [
            0.9298245614035088,
            0.981042654028436
          ],
          "support": [
            61,
            207
          ],
          "precision_macro": 0.9813953488372094,
          "recall_macro": 0.9344262295081966,
          "f1_macro": 0.9554336077159724,
          "precision_weighted": 0.9712599791738978,
          "recall_weighted": 0.9701492537313433,
          "f1_weighted": 0.9693848045876877,
          "roc_auc": 1.0
        },
        "test": {
          "accuracy": 0.8208955223880597,
          "balanced_accuracy": 0.6948717948717948,
          "mcc": 0.43856697588964944,
          "confusion_matrix": [
            [
              7,
              8
            ],
            [
              4,
              48
            ]
          ],
          "precision": [
            0.6363636363636364,
            0.8571428571428571
          ],
          "recall": [
            0.4666666666666667,
            0.9230769230769231
          ],
          "f1": [
            0.5384615384615384,
            0.8888888888888888
          ],
          "support": [
            15,
            52
          ],
          "precision_macro": 0.7467532467532467,