{
  "granularity": "voxel-wise",
  "cross_validation": {
    "n_folds": 5,
    "fold_results": [
      {
        "fold": 1,
        "n_train": 32,
        "n_test": 8,
        "train": {
          "accuracy": 0.96875,
          "balanced_accuracy": 0.96875,
          "mcc": 0.9393364366277243,
          "confusion_matrix": [
            [
              15,
              1
            ],
            [
              0,
              16
            ]
          ],
          "precision": [
            1.0,
            0.9411764705882353
          ],
          "recall": [
            0.9375,
            1.0
          ],
          "f1": [
            0.967741935483871,
            0.9696969696969697
          ],
          "support": [
            16,
            16
          ],
          "precision_macro": 0.9705882352941176,
          "recall_macro": 0.96875,
          "f1_macro": 0.9687194525904204,
          "precision_weighted": 0.9705882352941176,
          "recall_weighted": 0.96875,
          "f1_weighted": 0.9687194525904204,
          "roc_auc": 1.0
        },
        "test": {
          "accuracy": 0.5,
          "balanced_accuracy": 0.4666666666666667,
          "mcc": -0.06666666666666667,
          "confusion_matrix": [
            [
              1,
              2
            ],
            [
              2,
              3
            ]
          ],
          "precision": [
            0.3333333333333333,
            0.6
          ],
          "recall": [
            0.3333333333333333,
            0.6
          ],
          "f1": [
            0.3333333333333333,
            0.6
          ],
          "support": [
            3,
            5
          ],
          "precision_macro": 0.4666666666666667,
          "recall_macro": 0.4666666666666667,
          "f1_macro": 0.4666666666666667,
          "precision_weighted": 0.5,
          "recall_weighted": 0.5,
          "f1_weighted": 0.5,
          "roc_auc": 0.5333333333333333
        }
      },
      {
        "fold": 2,
        "n_train": 32,
        "n_test": 8,
        "train": {
          "accuracy": 0.9375,
          "balanced_accuracy": 0.9333333333333333,
          "mcc": 0.8805899139163632,
          "confusion_matrix": [
            [
              13,
              2
            ],
            [
              0,
              17
            ]
          ],
          "precision": [
            1.0,
            0.8947368421052632
          ],
          "recall": [
            0.8666666666666667,
            1.0
          ],
          "f1": [
            0.9285714285714286,
            0.9444444444444444
          ],
          "support": [
            15,
            17
          ],
          "precision_macro": 0.9473684210526316,
          "recall_macro": 0.9333333333333333,
          "f1_macro": 0.9365079365079365,
          "precision_weighted": 0.944078947368421,
          "recall_weighted": 0.9375,
          "f1_weighted": 0.9370039682539681,
          "roc_auc": 1.0
        },
        "test": {
          "accuracy": 0.75,
          "balanced_accuracy": 0.75,
          "mcc": 0.5773502691896258,
          "confusion_matrix": [
            [
              2,
              2
            ],
            [
              0,
              4
            ]
          ],
          "precision": [
            1.0,
            0.6666666666666666
          ],
          "recall": [
            0.5,
            1.0
          ],
          "f1": [
            0.6666666666666666,
            0.8
          ],
          "support": [
            4,
            4
          ],
          "precision_macro": 0.8333333333333333,
          "recall_macro": 0.75,
          "f1_macro": 0.7333333333333334,
          "precision_weighted": 0.8333333333333333,
          "recall_weighted": 0.75,
          "f1_weighted": 0.7333333333333334,
          "roc_auc": 0.875
        }
      },
      {
        "fold": 3,
        "n_train": 32,
        "n_test": 8,
        "train": {
          "accuracy": 0.9375,
          "balanced_accuracy": 0.9333333333333333,
          "mcc": 0.8805899139163632,
          "confusion_matrix": [
            [
              13,
              2
            ],
            [
              0,
              17
            ]
          ],
          "precision": [
            1.0,
            0.8947368421052632
          ],
          "recall": [
            0.8666666666666667,
            1.0
          ],
          "f1": [
            0.9285714285714286,
            0.9444444444444444
          ],
          "support": [
            15,
            17
          ],
          "precision_macro": 0.9473684210526316,
          "recall_macro": 0.9333333333333333,
          "f1_macro": 0.9365079365079365,
          "precision_weighted": 0.944078947368421,
          "recall_weighted": 0.9375,
          "f1_weighted": 0.9370039682539681,
          "roc_auc": 0.9921568627450981
        },
        "test": {
          "accuracy": 0.625,
          "balanced_accuracy": 0.625,
          "mcc": 0.3779644730092272,
          "confusion_matrix": [
            [
              1,
              3
            ],
            [
              0,
              4
            ]
          ],
          "precision": [
            1.0,
            0.5714285714285714
          ],
          "recall": [
            0.25,
            1.0
          ],
          "f1": [
            0.4,
            0.7272727272727273
          ],
          "support": [
            4,
            4
          ],
          "precision_macro": 0.7857142857142857,
          "recall_macro": 0.625,
          "f1_macro": 0.5636363636363637,
          "precision_weighted": 0.7857142857142857,
          "recall_weighted": 0.625,
          "f1_weighted": 0.5636363636363637,
          "roc_auc": 1.0
        }
      },
      {
        "fold": 4,
        "n_train": 32,
        "n_test": 8,
        "train": {
          "accuracy": 0.96875,
          "balanced_accuracy": 0.9666666666666667,
          "mcc": 0.938872452190116,
          "confusion_matrix": [
            [
              14,
              1
            ],
            [
              0,
              17
            ]
          ],
          "precision": [
            1.0,
            0.9444444444444444
          ],
          "recall": [
            0.9333333333333333,
            1.0
          ],
          "f1": [
            0.9655172413793104,
            0.9714285714285714
          ],
          "support": [
            15,
            17
          ],
          "precision_macro": 0.9722222222222222,
          "recall_macro": 0.9666666666666667,
          "f1_macro": 0.9684729064039409,
          "precision_weighted": 0.970486111111111,
          "recall_weighted": 0.96875,
          "f1_weighted": 0.9686576354679803,
          "roc_auc": 1.0
        },
        "test": {
          "accuracy": 0.5,
          "balanced_accuracy": 0.5,
          "mcc": 0.0,
          "confusion_matrix": [
            [
              3,
              1
            ],
            [
              3,
              1
            ]
          ],
          "precision": [
            0.5,
            0.5
          ],
          "recall": [
            0.75,
            0.25
          ],
          "f1": [
            0.6,
            0.3333333333333333
          ],
          "support": [
            4,
            4
          ],
          "precision_macro": 0.5,
          "recall_macro": 0.5,
          "f1_macro": 0.4666666666666667,
          "precision_weighted": 0.5,
          "recall_weighted": 0.5,
          "f1_weighted": 0.4666666666666667,
          "roc_auc": 0.625
        }
      },
      {
        "fold": 5,
        "n_train": 32,
        "n_test": 8,
        "train": {
          "accuracy": 0.90625,
          "balanced_accuracy": 0.9,
          "mcc": 0.8246211251235321,