{
  "granularity": "voxel-wise",
  "cross_validation": {
    "n_folds": 5,
    "fold_results": [
      {
        "fold": 1,
        "n_train": 32,
        "n_test": 8,
        "train": {
          "accuracy": 0.59375,
          "balanced_accuracy": 0.59375,
          "mcc": 0.19088542889273333,
          "confusion_matrix": [
            [
              8,
              8
            ],
            [
              5,
              11
            ]
          ],
          "precision": [
            0.6153846153846154,
            0.5789473684210527
          ],
          "recall": [
            0.5,
            0.6875
          ],
          "f1": [
            0.5517241379310345,
            0.6285714285714286
          ],
          "support": [
            16,
            16
          ],
          "precision_macro": 0.597165991902834,
          "recall_macro": 0.59375,
          "f1_macro": 0.5901477832512315,
          "precision_weighted": 0.597165991902834,
          "recall_weighted": 0.59375,
          "f1_weighted": 0.5901477832512315,
          "roc_auc": 0.75
        },
        "test": {
          "accuracy": 0.625,
          "balanced_accuracy": 0.5666666666666667,
          "mcc": 0.14907119849998599,
          "confusion_matrix": [
            [
              1,
              2
            ],
            [
              1,
              4
            ]
          ],
          "precision": [
            0.5,
            0.6666666666666666
          ],
          "recall": [
            0.3333333333333333,
            0.8
          ],
          "f1": [
            0.4,
            0.7272727272727273
          ],
          "support": [
            3,
            5
          ],
          "precision_macro": 0.5833333333333333,
          "recall_macro": 0.5666666666666667,
          "f1_macro": 0.5636363636363637,
          "precision_weighted": 0.6041666666666666,
          "recall_weighted": 0.625,
          "f1_weighted": 0.6045454545454546,
          "roc_auc": 0.4666666666666667
        }
      },
      {
        "fold": 2,
        "n_train": 32,
        "n_test": 8,
        "train": {
          "accuracy": 0.59375,
          "balanced_accuracy": 0.5705882352941176,
          "mcc": 0.2130214807490179,
          "confusion_matrix": [
            [
              3,
              12
            ],
            [
              1,
              16
            ]
          ],
          "precision": [
            0.75,
            0.5714285714285714
          ],
          "recall": [
            0.2,
            0.9411764705882353
          ],
          "f1": [
            0.3157894736842105,
            0.7111111111111111
          ],
          "support": [
            15,
            17
          ],
          "precision_macro": 0.6607142857142857,
          "recall_macro": 0.5705882352941176,
          "f1_macro": 0.5134502923976608,
          "precision_weighted": 0.6551339285714286,
          "recall_weighted": 0.59375,
          "f1_weighted": 0.5258040935672514,
          "roc_auc": 0.7921568627450981
        },
        "test": {
          "accuracy": 0.5,
          "balanced_accuracy": 0.5,
          "mcc": 0.0,
          "confusion_matrix": [
            [
              0,
              4
            ],
            [
              0,
              4
            ]
          ],
          "precision": [
            0.0,
            0.5
          ],
          "recall": [
            0.0,
            1.0
          ],
          "f1": [
            0.0,
            0.6666666666666666
          ],
          "support": [
            4,
            4
          ],
          "precision_macro": 0.25,
          "recall_macro": 0.5,
          "f1_macro": 0.3333333333333333,
          "precision_weighted": 0.25,
          "recall_weighted": 0.5,
          "f1_weighted": 0.3333333333333333,
          "roc_auc": 0.8125
        }
      },
      {
        "fold": 3,
        "n_train": 32,
        "n_test": 8,
        "train": {
          "accuracy": 0.59375,
          "balanced_accuracy": 0.5705882352941176,
          "mcc": 0.2130214807490179,
          "confusion_matrix": [
            [
              3,
              12
            ],
            [
              1,
              16
            ]
          ],
          "precision": [
            0.75,
            0.5714285714285714
          ],
          "recall": [
            0.2,
            0.9411764705882353
          ],
          "f1": [
            0.3157894736842105,
            0.7111111111111111
          ],
          "support": [
            15,
            17
          ],
          "precision_macro": 0.6607142857142857,
          "recall_macro": 0.5705882352941176,
          "f1_macro": 0.5134502923976608,
          "precision_weighted": 0.6551339285714286,
          "recall_weighted": 0.59375,
          "f1_weighted": 0.5258040935672514,
          "roc_auc": 0.6941176470588235
        },
        "test": {
          "accuracy": 0.5,
          "balanced_accuracy": 0.5,
          "mcc": 0.0,
          "confusion_matrix": [
            [
              0,
              4
            ],
            [
              0,
              4
            ]
          ],
          "precision": [
            0.0,
            0.5
          ],
          "recall": [
            0.0,
            1.0
          ],
          "f1": [
            0.0,
            0.6666666666666666
          ],
          "support": [
            4,
            4
          ],
          "precision_macro": 0.25,
          "recall_macro": 0.5,
          "f1_macro": 0.3333333333333333,
          "precision_weighted": 0.25,
          "recall_weighted": 0.5,
          "f1_weighted": 0.3333333333333333,
          "roc_auc": 0.9375
        }
      },
      {
        "fold": 4,
        "n_train": 32,
        "n_test": 8,
        "train": {
          "accuracy": 0.53125,
          "balanced_accuracy": 0.5,
          "mcc": 0.0,
          "confusion_matrix": [
            [
              0,
              15
            ],
            [
              0,
              17
            ]
          ],
          "precision": [
            0.0,
            0.53125
          ],
          "recall": [
            0.0,
            1.0
          ],
          "f1": [
            0.0,
            0.6938775510204082
          ],
          "support": [
            15,
            17
          ],
          "precision_macro": 0.265625,
          "recall_macro": 0.5,
          "f1_macro": 0.3469387755102041,
          "precision_weighted": 0.2822265625,
          "recall_weighted": 0.53125,
          "f1_weighted": 0.36862244897959184,
          "roc_auc": 0.2431372549019608
        },
        "test": {
          "accuracy": 0.5,
          "balanced_accuracy": 0.5,
          "mcc": 0.0,
          "confusion_matrix": [
            [
              0,
              4
            ],
            [
              0,
              4
            ]
          ],
          "precision": [
            0.0,
            0.5
          ],
          "recall": [
            0.0,
            1.0
          ],
          "f1": [
            0.0,
            0.6666666666666666
          ],
          "support": [
            4,
            4
          ],
          "precision_macro": 0.25,
          "recall_macro": 0.5,
          "f1_macro": 0.3333333333333333,
          "precision_weighted": 0.25,
          "recall_weighted": 0.5,
          "f1_weighted": 0.3333333333333333,
          "roc_auc": 0.0625
        }
      },
      {
        "fold": 5,
        "n_train": 32,
        "n_test": 8,
        "train": {
          "accuracy": 0.53125,
          "balanced_accuracy": 0.5,
          "mcc": 0.0,
          "confusion_matrix": [
            [
              0,
              15
            ],
            [
              0,
              17
            ]
          ],
          "precision": [
            0.0,
            0.53125
          ],