{
  "granularity": "voxel-wise",
  "cross_validation": {
    "n_folds": 5,
    "fold_results": [
      {
        "fold": 1,
        "n_train": 32,
        "n_test": 8,
        "train": {
          "accuracy": 1.0,
          "balanced_accuracy": 1.0,
          "mcc": 1.0,
          "confusion_matrix": [
            [
              16,
              0
            ],
            [
              0,
              16
            ]
          ],
          "precision": [
            1.0,
            1.0
          ],
          "recall": [
            1.0,
            1.0
          ],
          "f1": [
            1.0,
            1.0
          ],
          "support": [
            16,
            16
          ],
          "precision_macro": 1.0,
          "recall_macro": 1.0,
          "f1_macro": 1.0,
          "precision_weighted": 1.0,
          "recall_weighted": 1.0,
          "f1_weighted": 1.0,
          "roc_auc": 1.0
        },
        "test": {
          "accuracy": 0.375,
          "balanced_accuracy": 0.43333333333333335,
          "mcc": -0.14907119849998599,
          "confusion_matrix": [
            [
              2,
              1
            ],
            [
              4,
              1
            ]
          ],
          "precision": [
            0.3333333333333333,
            0.5
          ],
          "recall": [
            0.6666666666666666,
            0.2
          ],
          "f1": [
            0.4444444444444444,
            0.2857142857142857
          ],
          "support": [
            3,
            5
          ],
          "precision_macro": 0.41666666666666663,
          "recall_macro": 0.43333333333333335,
          "f1_macro": 0.36507936507936506,
          "precision_weighted": 0.4375,
          "recall_weighted": 0.375,
          "f1_weighted": 0.34523809523809523,
          "roc_auc": 0.5333333333333333
        }
      },
      {
        "fold": 2,
        "n_train": 32,
        "n_test": 8,
        "train": {
          "accuracy": 1.0,
          "balanced_accuracy": 1.0,
          "mcc": 1.0,
          "confusion_matrix": [
            [
              15,
              0
            ],
            [
              0,
              17
            ]
          ],
          "precision": [
            1.0,
            1.0
          ],
          "recall": [
            1.0,
            1.0
          ],
          "f1": [
            1.0,
            1.0
          ],
          "support": [
            15,
            17
          ],
          "precision_macro": 1.0,
          "recall_macro": 1.0,
          "f1_macro": 1.0,
          "precision_weighted": 1.0,
          "recall_weighted": 1.0,
          "f1_weighted": 1.0,
          "roc_auc": 1.0
        },
        "test": {
          "accuracy": 0.375,
          "balanced_accuracy": 0.375,
          "mcc": -0.2581988897471611,
          "confusion_matrix": [
            [
              2,
              2
            ],
            [
              3,
              1
            ]
          ],
          "precision": [
            0.4,
            0.3333333333333333
          ],
          "recall": [
            0.5,
            0.25
          ],
          "f1": [
            0.4444444444444444,
            0.2857142857142857
          ],
          "support": [
            4,
            4
          ],
          "precision_macro": 0.3666666666666667,
          "recall_macro": 0.375,
          "f1_macro": 0.36507936507936506,
          "precision_weighted": 0.3666666666666667,
          "recall_weighted": 0.375,
          "f1_weighted": 0.36507936507936506,
          "roc_auc": 0.5625
        }
      },
      {
        "fold": 3,
        "n_train": 32,
        "n_test": 8,
        "train": {
          "accuracy": 1.0,
          "balanced_accuracy": 1.0,
          "mcc": 1.0,
          "confusion_matrix": [
            [
              15,
              0
            ],
            [
              0,
              17
            ]
          ],
          "precision": [
            1.0,
            1.0
          ],
          "recall": [
            1.0,
            1.0
          ],
          "f1": [
            1.0,
            1.0
          ],
          "support": [
            15,
            17
          ],
          "precision_macro": 1.0,
          "recall_macro": 1.0,
          "f1_macro": 1.0,
          "precision_weighted": 1.0,
          "recall_weighted": 1.0,
          "f1_weighted": 1.0,
          "roc_auc": 1.0
        },
        "test": {
          "accuracy": 0.375,
          "balanced_accuracy": 0.375,
          "mcc": -0.2581988897471611,
          "confusion_matrix": [
            [
              2,
              2
            ],
            [
              3,
              1
            ]
          ],
          "precision": [
            0.4,
            0.3333333333333333
          ],
          "recall": [
            0.5,
            0.25
          ],
          "f1": [
            0.4444444444444444,
            0.2857142857142857
          ],
          "support": [
            4,
            4
          ],
          "precision_macro": 0.3666666666666667,
          "recall_macro": 0.375,
          "f1_macro": 0.36507936507936506,
          "precision_weighted": 0.3666666666666667,
          "recall_weighted": 0.375,
          "f1_weighted": 0.36507936507936506,
          "roc_auc": 0.5
        }
      },
      {
        "fold": 4,
        "n_train": 32,
        "n_test": 8,
        "train": {
          "accuracy": 1.0,
          "balanced_accuracy": 1.0,
          "mcc": 1.0,
          "confusion_matrix": [
            [
              15,
              0
            ],
            [
              0,
              17
            ]
          ],
          "precision": [
            1.0,
            1.0
          ],
          "recall": [
            1.0,
            1.0
          ],
          "f1": [
            1.0,
            1.0
          ],
          "support": [
            15,
            17
          ],
          "precision_macro": 1.0,
          "recall_macro": 1.0,
          "f1_macro": 1.0,
          "precision_weighted": 1.0,
          "recall_weighted": 1.0,
          "f1_weighted": 1.0,
          "roc_auc": 1.0
        },
        "test": {
          "accuracy": 0.5,
          "balanced_accuracy": 0.5,
          "mcc": 0.0,
          "confusion_matrix": [
            [
              4,
              0
            ],
            [
              4,
              0
            ]
          ],
          "precision": [
            0.5,
            0.0
          ],
          "recall": [
            1.0,
            0.0
          ],
          "f1": [
            0.6666666666666666,
            0.0
          ],
          "support": [
            4,
            4
          ],
          "precision_macro": 0.25,
          "recall_macro": 0.5,
          "f1_macro": 0.3333333333333333,
          "precision_weighted": 0.25,
          "recall_weighted": 0.5,
          "f1_weighted": 0.3333333333333333,
          "roc_auc": 0.375
        }
      },
      {
        "fold": 5,
        "n_train": 32,
        "n_test": 8,
        "train": {
          "accuracy": 0.96875,
          "balanced_accuracy": 0.9666666666666667,
          "mcc": 0.938872452190116,
          "confusion_matrix": [
            [
              14,
              1
            ],
            [
              0,
              17
            ]
          ],
          "precision": [
            1.0,
            0.9444444444444444
          ],
          "recall": [
            0.9333333333333333,
            1.0
          ],
          "f1": [
            0.9655172413793104,
            0.9714285714285714
          ],
          "support": [
            15,
            17
          ],
          "precision_macro": 0.9722222222222222,
          "recall_macro": 0.9666666666666667,
          "f1_macro": 0.9684729064039409,
          "precision_weighted": 0.970486111111111,